customer_id,customer_name,signup_cohort,industry,company_size,current_status,current_plan,current_mrr,total_lifetime_revenue,active_months,avg_monthly_mrr,peak_mrr,first_month,last_month,upgrade_count,downgrade_count,churn_count,reactivation_count,customer_health,estimated_ltv
129,Company_0129,2022-01,finance,51-200,active,enterprise,499,17964,36,499.0,499,2022-01,2024-12,0,0,0,0,stable,20958.0
206,Company_0206,2022-01,media,51-200,active,enterprise,499,17964,36,499.0,499,2022-01,2024-12,0,0,0,0,stable,20958.0
292,Company_0292,2022-02,media,51-200,active,enterprise,499,17465,35,499.0,499,2022-02,2024-12,0,0,0,0,stable,20459.0
677,Company_0677,2022-05,retail,51-200,active,enterprise,499,15968,32,499.0,499,2022-05,2024-12,0,0,0,0,stable,18962.0
459,Company_0459,2022-02,manufacturing,11-50,active,enterprise,499,15965,35,456.14285714285717,499,2022-02,2024-12,1,1,0,0,champion,18701.857142857145
727,Company_0727,2022-07,education,51-200,active,enterprise,499,14970,30,499.0,499,2022-07,2024-12,0,0,0,0,stable,17964.0
558,Company_0558,2022-01,finance,1-10,active,business,199,14664,36,407.3333333333333,499,2022-01,2024-12,1,1,0,0,champion,17108.0
598,Company_0598,2022-08,finance,11-50,active,enterprise,499,13871,29,478.3103448275862,499,2022-08,2024-12,1,1,0,0,champion,16740.862068965518
645,Company_0645,2022-06,finance,51-200,active,enterprise,499,13969,31,450.61290322580646,499,2022-06,2024-12,1,1,0,0,champion,16672.67741935484
110,Company_0110,2022-03,consulting,11-50,active,professional,79,13988,33,423.8787878787879,499,2022-03,2024-12,0,1,1,1,at_risk,16531.272727272728
125,Company_0125,2022-10,finance,51-200,active,enterprise,499,13473,27,499.0,499,2022-10,2024-12,0,0,0,0,stable,16467.0
132,Company_0132,2022-10,manufacturing,501-1000,active,enterprise,499,13473,27,499.0,499,2022-10,2024-12,0,0,0,0,stable,16467.0
174,Company_0174,2022-10,manufacturing,1-10,active,enterprise,499,13473,27,499.0,499,2022-10,2024-12,0,0,0,0,stable,16467.0
333,Company_0333,2022-01,finance,51-200,active,business,199,13764,36,382.3333333333333,499,2022-01,2024-12,0,1,0,0,at_risk,16058.0
730,Company_0730,2022-08,technology,11-50,active,enterprise,499,12971,29,447.2758620689655,499,2022-08,2024-12,1,1,0,0,champion,15654.655172413793
310,Company_0310,2023-01,education,51-200,active,enterprise,499,11976,24,499.0,499,2023-01,2024-12,0,0,0,0,stable,14970.0
23,Company_0023,2023-01,education,51-200,active,enterprise,499,11676,24,486.5,499,2023-01,2024-12,1,1,0,0,champion,14595.0
134,Company_0134,2023-02,retail,51-200,active,enterprise,499,11477,23,499.0,499,2023-02,2024-12,0,0,0,0,stable,14471.0
254,Company_0254,2023-02,retail,1-10,active,enterprise,499,11477,23,499.0,499,2023-02,2024-12,0,0,0,0,stable,14471.0
112,Company_0112,2022-08,retail,11-50,active,enterprise,499,11771,29,405.8965517241379,499,2022-08,2024-12,1,0,0,0,champion,14206.379310344828
331,Company_0331,2023-03,consulting,11-50,active,enterprise,499,10978,22,499.0,499,2023-03,2024-12,0,0,0,0,stable,13972.0
324,Company_0324,2023-01,consulting,11-50,active,enterprise,499,11076,24,461.5,499,2023-01,2024-12,1,0,0,0,champion,13845.0
434,Company_0434,2022-05,finance,1000+,active,enterprise,499,11468,32,358.375,499,2022-05,2024-12,1,0,0,0,champion,13618.25
410,Company_0410,2022-04,manufacturing,501-1000,active,enterprise,499,11337,33,343.54545454545456,499,2022-04,2024-12,3,0,0,0,champion,13398.272727272728
83,Company_0083,2023-02,education,51-200,active,enterprise,499,10479,22,476.3181818181818,499,2023-02,2024-12,0,0,1,1,stable,13336.909090909092
91,Company_0091,2022-06,real estate,11-50,active,enterprise,499,10969,31,353.83870967741933,499,2022-06,2024-12,2,0,0,0,champion,13092.032258064515
567,Company_0567,2023-04,real estate,11-50,active,business,199,10179,21,484.7142857142857,499,2023-04,2024-12,0,1,0,0,at_risk,13087.285714285714
149,Company_0149,2022-02,consulting,11-50,active,enterprise,499,11165,35,319.0,499,2022-02,2024-12,1,0,0,0,champion,13079.0
600,Company_0600,2022-02,media,11-50,active,business,199,11165,35,319.0,499,2022-02,2024-12,0,1,0,0,at_risk,13079.0
392,Company_0392,2023-05,finance,51-200,active,enterprise,499,9980,20,499.0,499,2023-05,2024-12,0,0,0,0,stable,12974.0
737,Company_0737,2023-05,media,1-10,active,enterprise,499,9980,20,499.0,499,2023-05,2024-12,0,0,0,0,stable,12974.0
496,Company_0496,2023-03,logistics,1-10,active,enterprise,499,10078,22,458.09090909090907,499,2023-03,2024-12,1,0,0,0,champion,12826.545454545454
709,Company_0709,2022-12,real estate,11-50,active,enterprise,499,10075,25,403.0,499,2022-12,2024-12,2,1,0,0,champion,12493.0
159,Company_0159,2022-11,retail,11-50,active,enterprise,499,9974,26,383.61538461538464,499,2022-11,2024-12,1,0,0,0,champion,12275.692307692309
729,Company_0729,2022-09,logistics,11-50,active,enterprise,499,10012,28,357.57142857142856,499,2022-09,2024-12,2,0,0,0,champion,12157.428571428572
416,Company_0416,2023-07,finance,11-50,active,enterprise,499,8982,18,499.0,499,2023-07,2024-12,0,0,0,0,stable,11976.0
488,Company_0488,2023-01,finance,11-50,active,business,199,9576,24,399.0,499,2023-01,2024-12,1,1,0,0,champion,11970.0
107,Company_0107,2023-05,real estate,11-50,active,enterprise,499,9080,20,454.0,499,2023-05,2024-12,1,0,0,0,champion,11804.0
556,Company_0556,2023-05,manufacturing,501-1000,active,business,199,9080,20,454.0,499,2023-05,2024-12,0,1,0,0,at_risk,11804.0
301,Company_0301,2022-02,education,51-200,active,enterprise,499,10025,35,286.42857142857144,499,2022-02,2024-12,2,0,0,0,champion,11743.57142857143
562,Company_0562,2022-09,finance,11-50,active,enterprise,499,9472,28,338.2857142857143,499,2022-09,2024-12,1,0,0,0,champion,11501.714285714286
458,Company_0458,2023-08,media,11-50,active,enterprise,499,8483,17,499.0,499,2023-08,2024-12,0,0,0,0,stable,11477.0
300,Company_0300,2022-04,finance,1-10,active,enterprise,499,9537,33,289.0,499,2022-04,2024-12,3,0,0,0,champion,11271.0
100,Company_0100,2022-05,retail,11-50,active,enterprise,499,9368,32,292.75,499,2022-05,2024-12,2,0,0,0,champion,11124.5
637,Company_0637,2023-09,media,11-50,active,enterprise,499,7984,16,499.0,499,2023-09,2024-12,0,0,0,0,stable,10978.0
671,Company_0671,2022-08,finance,11-50,active,professional,79,9071,29,312.7931034482759,499,2022-08,2024-12,1,3,0,0,at_risk,10947.758620689656
126,Company_0126,2023-06,finance,201-500,active,enterprise,499,7981,19,420.05263157894734,499,2023-06,2024-12,1,0,0,0,champion,10501.315789473683
106,Company_0106,2022-11,finance,51-200,churned,enterprise,499,10479,22,476.3181818181818,499,2022-11,2024-08,0,0,1,0,churned,10479.0
782,Company_0782,2023-10,healthcare,11-50,active,enterprise,499,7485,15,499.0,499,2023-10,2024-12,0,0,0,0,stable,10479.0
168,Company_0168,2022-08,education,11-50,active,enterprise,499,8641,29,297.9655172413793,499,2022-08,2024-12,3,0,0,0,champion,10428.793103448275
739,Company_0739,2023-06,healthcare,11-50,active,enterprise,499,7681,19,404.2631578947368,499,2023-06,2024-12,1,0,0,0,champion,10106.57894736842
349,Company_0349,2023-04,logistics,11-50,active,business,199,7779,21,370.42857142857144,499,2023-04,2024-12,0,1,0,0,at_risk,10001.571428571428
251,Company_0251,2023-01,manufacturing,201-500,active,enterprise,499,7956,24,331.5,499,2023-01,2024-12,2,1,0,0,champion,9945.0
307,Company_0307,2023-09,manufacturing,51-200,active,enterprise,499,7084,16,442.75,499,2023-09,2024-12,1,1,0,0,champion,9740.5
670,Company_0670,2023-01,consulting,51-200,active,enterprise,499,7596,24,316.5,499,2023-01,2024-12,3,1,0,0,champion,9495.0
657,Company_0657,2023-01,education,501-1000,active,business,199,7476,24,311.5,499,2023-01,2024-12,2,1,0,0,champion,9345.0
395,Company_0395,2023-02,finance,1-10,active,enterprise,499,7397,23,321.60869565217394,499,2023-02,2024-12,2,0,0,0,champion,9326.652173913044
517,Company_0517,2023-04,manufacturing,11-50,active,enterprise,499,7179,21,341.85714285714283,499,2023-04,2024-12,2,0,0,0,champion,9230.142857142857
11,Company_0011,2022-01,media,11-50,active,enterprise,499,7764,36,215.66666666666666,499,2022-01,2024-12,1,0,0,0,champion,9058.0
139,Company_0139,2023-03,finance,201-500,active,business,199,7078,22,321.72727272727275,499,2023-03,2024-12,0,1,0,0,at_risk,9008.363636363636
299,Company_0299,2024-01,finance,501-1000,active,enterprise,499,5988,12,499.0,499,2024-01,2024-12,0,0,0,0,stable,8982.0
484,Company_0484,2024-01,media,11-50,active,enterprise,499,5988,12,499.0,499,2024-01,2024-12,0,0,0,0,stable,8982.0
492,Company_0492,2024-01,retail,201-500,active,enterprise,499,5988,12,499.0,499,2024-01,2024-12,0,0,0,0,stable,8982.0
275,Company_0275,2023-09,logistics,11-50,active,enterprise,499,6484,16,405.25,499,2023-09,2024-12,2,1,0,0,champion,8915.5
573,Company_0573,2023-05,finance,201-500,active,enterprise,499,6800,20,340.0,499,2023-05,2024-12,2,1,0,0,champion,8840.0
430,Company_0430,2022-05,logistics,11-50,active,business,199,7268,32,227.125,499,2022-05,2024-12,1,1,0,0,champion,8630.75
761,Company_0761,2022-07,consulting,51-200,active,enterprise,499,7112,29,245.24137931034483,499,2022-07,2024-12,3,0,1,1,champion,8583.448275862069
181,Company_0181,2023-02,finance,51-200,active,enterprise,499,6797,23,295.5217391304348,499,2023-02,2024-12,2,0,0,0,champion,8570.130434782608
547,Company_0547,2022-05,logistics,501-1000,active,professional,79,7189,32,224.65625,499,2022-05,2024-12,1,1,1,1,champion,8536.9375
733,Company_0733,2024-02,technology,51-200,active,enterprise,499,5489,11,499.0,499,2024-02,2024-12,0,0,0,0,stable,8483.0
795,Company_0795,2022-01,retail,1-10,active,enterprise,499,7164,36,199.0,499,2022-01,2024-12,3,1,0,0,champion,8358.0
238,Company_0238,2022-01,manufacturing,1-10,active,business,199,7144,36,198.44444444444446,499,2022-01,2024-12,3,1,0,0,champion,8334.666666666666
579,Company_0579,2023-08,real estate,501-1000,active,enterprise,499,6083,17,357.8235294117647,499,2023-08,2024-12,2,0,0,0,champion,8229.941176470587
692,Company_0692,2023-06,real estate,51-200,active,enterprise,499,6181,19,325.3157894736842,499,2023-06,2024-12,1,0,0,0,champion,8132.894736842105
148,Company_0148,2023-09,manufacturing,51-200,active,enterprise,499,5884,16,367.75,499,2023-09,2024-12,1,0,0,0,champion,8090.5
58,Company_0058,2022-09,logistics,501-1000,active,enterprise,499,6652,28,237.57142857142858,499,2022-09,2024-12,2,0,0,0,champion,8077.428571428572
188,Company_0188,2023-10,manufacturing,1000+,active,enterprise,499,5685,15,379.0,499,2023-10,2024-12,1,0,0,0,champion,7959.0
61,Company_0061,2023-04,real estate,501-1000,active,business,199,5979,21,284.7142857142857,499,2023-04,2024-12,0,1,0,0,at_risk,7687.285714285714
175,Company_0175,2024-01,retail,51-200,active,enterprise,499,5088,12,424.0,499,2024-01,2024-12,1,0,0,0,champion,7632.0
592,Company_0592,2024-01,logistics,51-200,active,enterprise,499,5088,12,424.0,499,2024-01,2024-12,1,0,0,0,champion,7632.0
3,Company_0003,2024-04,healthcare,51-200,active,enterprise,499,4491,9,499.0,499,2024-04,2024-12,0,0,0,0,stable,7485.0
762,Company_0762,2023-02,healthcare,51-200,active,enterprise,499,5867,23,255.08695652173913,499,2023-02,2024-12,3,0,0,0,champion,7397.521739130435
520,Company_0520,2022-07,finance,201-500,churned,business,199,7031,30,234.36666666666667,499,2022-07,2024-12,2,1,1,0,churned,7031.0
394,Company_0394,2024-05,technology,51-200,active,enterprise,499,3992,8,499.0,499,2024-05,2024-12,0,0,0,0,stable,6986.0
535,Company_0535,2024-05,logistics,51-200,active,enterprise,499,3992,8,499.0,499,2024-05,2024-12,0,0,0,0,stable,6986.0
435,Company_0435,2022-04,education,201-500,churned,enterprise,499,6955,26,267.5,499,2022-04,2024-05,3,1,1,0,churned,6955.0
417,Company_0417,2023-01,consulting,11-50,active,enterprise,499,5556,24,231.5,499,2023-01,2024-12,2,0,0,0,champion,6945.0
589,Company_0589,2022-06,real estate,11-50,active,business,199,5809,31,187.38709677419354,199,2022-06,2024-12,1,0,0,0,champion,6933.322580645161
295,Company_0295,2022-06,real estate,1-10,active,enterprise,499,5711,30,190.36666666666667,499,2022-06,2024-12,2,0,1,1,champion,6853.2
189,Company_0189,2023-09,logistics,201-500,active,enterprise,499,4984,16,311.5,499,2023-09,2024-12,2,0,0,0,champion,6853.0
302,Company_0302,2023-09,logistics,501-1000,active,business,199,4984,16,311.5,499,2023-09,2024-12,1,1,0,0,champion,6853.0
341,Company_0341,2023-08,consulting,11-50,active,enterprise,499,4883,17,287.2352941176471,499,2023-08,2024-12,1,0,0,0,champion,6606.411764705883
65,Company_0065,2023-01,manufacturing,11-50,active,business,199,5256,24,219.0,499,2023-01,2024-12,2,1,0,0,champion,6570.0
68,Company_0068,2024-06,consulting,11-50,active,enterprise,499,3493,7,499.0,499,2024-06,2024-12,0,0,0,0,stable,6487.0
756,Company_0756,2024-06,manufacturing,1000+,active,enterprise,499,3493,7,499.0,499,2024-06,2024-12,0,0,0,0,stable,6487.0
284,Company_0284,2022-04,logistics,11-50,active,enterprise,499,5427,33,164.45454545454547,499,2022-04,2024-12,2,0,0,0,champion,6413.727272727273
705,Company_0705,2022-03,technology,1-10,active,business,199,5446,34,160.1764705882353,199,2022-03,2024-12,1,0,0,0,champion,6407.058823529412
630,Company_0630,2022-11,healthcare,1-10,active,business,199,5174,26,199.0,199,2022-11,2024-12,0,0,0,0,stable,6368.0
21,Company_0021,2024-01,education,1000+,active,enterprise,499,4188,12,349.0,499,2024-01,2024-12,1,0,0,0,champion,6282.0
84,Company_0084,2022-03,healthcare,11-50,active,enterprise,499,5266,34,154.88235294117646,499,2022-03,2024-12,2,1,0,0,champion,6195.294117647059
791,Company_0791,2022-07,technology,11-50,active,enterprise,499,5140,30,171.33333333333334,499,2022-07,2024-12,3,0,0,0,champion,6168.0
157,Company_0157,2024-02,media,1-10,active,enterprise,499,3989,11,362.6363636363636,499,2024-02,2024-12,1,0,0,0,stable,6164.818181818182
483,Company_0483,2023-07,healthcare,201-500,active,business,199,4602,18,255.66666666666666,499,2023-07,2024-12,2,1,0,0,champion,6136.0
153,Company_0153,2022-07,manufacturing,201-500,active,enterprise,499,5010,30,167.0,499,2022-07,2024-12,2,0,0,0,champion,6012.0
477,Company_0477,2022-03,consulting,1-10,active,business,199,5086,34,149.58823529411765,199,2022-03,2024-12,1,0,0,0,champion,5983.529411764706
380,Company_0380,2023-01,logistics,11-50,active,business,199,4776,24,199.0,199,2023-01,2024-12,0,0,0,0,stable,5970.0
48,Company_0048,2023-09,finance,51-200,active,business,199,4204,16,262.75,499,2023-09,2024-12,2,1,0,0,champion,5780.5
423,Company_0423,2022-04,manufacturing,1-10,active,business,199,4887,33,148.0909090909091,199,2022-04,2024-12,2,2,0,0,champion,5775.545454545454
103,Company_0103,2023-02,logistics,51-200,active,business,199,4577,23,199.0,199,2023-02,2024-12,0,0,0,0,stable,5771.0
437,Company_0437,2022-03,retail,51-200,active,enterprise,499,4846,34,142.52941176470588,499,2022-03,2024-12,3,0,0,0,champion,5701.176470588235
512,Company_0512,2023-06,media,51-200,active,enterprise,499,4321,19,227.42105263157896,499,2023-06,2024-12,2,0,0,0,champion,5685.526315789473
43,Company_0043,2022-02,logistics,1000+,churned,enterprise,499,5682,19,299.05263157894734,499,2022-02,2023-08,1,0,1,0,churned,5682.0
7,Company_0007,2022-02,retail,201-500,active,business,199,4805,35,137.28571428571428,199,2022-02,2024-12,1,0,0,0,champion,5628.714285714285
441,Company_0441,2022-04,manufacturing,51-200,active,professional,79,4729,32,147.78125,199,2022-04,2024-12,1,1,1,1,champion,5615.6875
603,Company_0603,2022-08,consulting,201-500,active,enterprise,499,4631,29,159.68965517241378,499,2022-08,2024-12,2,0,0,0,champion,5589.137931034483
64,Company_0064,2023-03,retail,201-500,active,business,199,4378,22,199.0,199,2023-03,2024-12,0,0,0,0,stable,5572.0
270,Company_0270,2023-01,finance,11-50,active,business,199,4416,24,184.0,199,2023-01,2024-12,1,1,0,0,champion,5520.0
537,Company_0537,2024-08,manufacturing,1000+,active,enterprise,499,2495,5,499.0,499,2024-08,2024-12,0,0,0,0,new,5489.0
678,Company_0678,2023-05,education,1-10,churned,enterprise,499,5489,12,457.4166666666667,499,2023-05,2024-04,0,0,1,0,churned,5489.0
796,Company_0796,2024-08,real estate,11-50,active,enterprise,499,2495,5,499.0,499,2024-08,2024-12,0,0,0,0,new,5489.0
321,Company_0321,2023-10,media,501-1000,active,enterprise,499,3885,15,259.0,499,2023-10,2024-12,1,0,0,0,champion,5439.0
431,Company_0431,2022-07,consulting,11-50,active,professional,79,4530,30,151.0,199,2022-07,2024-12,0,1,0,0,at_risk,5436.0
24,Company_0024,2023-03,manufacturing,11-50,active,business,199,4258,22,193.54545454545453,199,2023-03,2024-12,1,1,0,0,champion,5419.272727272727
393,Company_0393,2023-04,technology,11-50,active,business,199,4179,21,199.0,199,2023-04,2024-12,0,0,0,0,stable,5373.0
669,Company_0669,2022-08,consulting,11-50,active,professional,79,4451,29,153.48275862068965,199,2022-08,2024-12,0,1,0,0,at_risk,5371.896551724138
263,Company_0263,2022-07,real estate,11-50,active,professional,79,4410,30,147.0,199,2022-07,2024-12,1,1,0,0,champion,5292.0
259,Company_0259,2023-11,retail,11-50,active,enterprise,499,3686,14,263.2857142857143,499,2023-11,2024-12,2,0,0,0,champion,5265.714285714286
584,Company_0584,2023-02,manufacturing,11-50,active,business,199,4097,23,178.1304347826087,199,2023-02,2024-12,1,0,0,0,champion,5165.782608695652
358,Company_0358,2023-12,finance,1-10,active,enterprise,499,3487,13,268.2307692307692,499,2023-12,2024-12,1,0,0,0,champion,5096.384615384615
56,Company_0056,2024-09,manufacturing,501-1000,active,enterprise,499,1996,4,499.0,499,2024-09,2024-12,0,0,0,0,new,4990.0
229,Company_0229,2024-09,healthcare,201-500,active,enterprise,499,1996,4,499.0,499,2024-09,2024-12,0,0,0,0,new,4990.0
454,Company_0454,2024-09,healthcare,501-1000,active,enterprise,499,1996,4,499.0,499,2024-09,2024-12,0,0,0,0,new,4990.0
344,Company_0344,2023-06,real estate,501-1000,active,business,199,3781,19,199.0,199,2023-06,2024-12,0,0,0,0,stable,4975.0
185,Company_0185,2022-12,retail,501-1000,active,professional,79,3895,25,155.8,199,2022-12,2024-12,1,1,0,0,champion,4829.8
317,Company_0317,2023-05,media,51-200,active,business,199,3620,20,181.0,199,2023-05,2024-12,1,0,0,0,champion,4706.0
521,Company_0521,2023-12,healthcare,11-50,active,enterprise,499,3187,13,245.15384615384616,499,2023-12,2024-12,1,0,0,0,champion,4657.923076923077
78,Company_0078,2022-03,technology,51-200,active,professional,79,3916,34,115.17647058823529,499,2022-03,2024-12,3,2,0,0,champion,4607.058823529412
90,Company_0090,2023-08,media,11-50,active,business,199,3383,17,199.0,199,2023-08,2024-12,0,0,0,0,stable,4577.0
234,Company_0234,2023-08,retail,1-10,active,business,199,3383,17,199.0,199,2023-08,2024-12,0,0,0,0,stable,4577.0
580,Company_0580,2022-12,media,1-10,churned,business,199,4577,24,190.70833333333334,199,2022-12,2024-11,0,0,1,0,churned,4577.0
73,Company_0073,2022-01,consulting,1-10,active,professional,79,3894,36,108.16666666666667,199,2022-01,2024-12,2,1,0,0,champion,4543.0
38,Company_0038,2022-04,logistics,11-50,active,business,199,3807,33,115.36363636363636,199,2022-04,2024-12,1,0,0,0,champion,4499.181818181818
183,Company_0183,2024-10,finance,201-500,active,enterprise,499,1497,3,499.0,499,2024-10,2024-12,0,0,0,0,new,4491.0
246,Company_0246,2024-10,retail,201-500,active,enterprise,499,1497,3,499.0,499,2024-10,2024-12,0,0,0,0,new,4491.0
536,Company_0536,2024-10,technology,51-200,active,enterprise,499,1497,3,499.0,499,2024-10,2024-12,0,0,0,0,new,4491.0
541,Company_0541,2024-10,manufacturing,11-50,active,enterprise,499,1497,3,499.0,499,2024-10,2024-12,0,0,0,0,new,4491.0
720,Company_0720,2024-04,finance,11-50,active,business,199,2691,9,299.0,499,2024-04,2024-12,1,1,0,0,stable,4485.0
481,Company_0481,2024-01,logistics,51-200,active,enterprise,499,2988,12,249.0,499,2024-01,2024-12,1,0,0,0,champion,4482.0
405,Company_0405,2023-02,media,1-10,active,business,199,3497,23,152.04347826086956,199,2023-02,2024-12,1,0,0,0,champion,4409.260869565217
641,Company_0641,2022-01,manufacturing,11-50,active,professional,79,3746,35,107.02857142857142,199,2022-01,2024-12,3,2,1,1,champion,4388.171428571429
104,Company_0104,2023-09,education,11-50,active,business,199,3184,16,199.0,199,2023-09,2024-12,0,0,0,0,stable,4378.0
546,Company_0546,2023-03,education,201-500,active,business,199,3418,22,155.36363636363637,199,2023-03,2024-12,1,0,0,0,champion,4350.181818181818
491,Company_0491,2023-07,logistics,11-50,churned,enterprise,499,4226,15,281.73333333333335,499,2023-07,2024-09,2,0,1,0,churned,4226.0
652,Company_0652,2023-10,retail,1-10,active,business,199,2985,15,199.0,199,2023-10,2024-12,0,0,0,0,stable,4179.0
287,Company_0287,2023-07,education,51-200,active,enterprise,499,3102,18,172.33333333333334,499,2023-07,2024-12,2,0,0,0,champion,4136.0
503,Company_0503,2023-02,manufacturing,1-10,active,business,199,3257,23,141.6086956521739,199,2023-02,2024-12,1,0,0,0,champion,4106.652173913044
16,Company_0016,2022-08,real estate,51-200,active,business,199,3371,29,116.24137931034483,199,2022-08,2024-12,1,0,0,0,champion,4068.448275862069
433,Company_0433,2024-01,logistics,1-10,active,enterprise,499,2688,12,224.0,499,2024-01,2024-12,1,0,0,0,champion,4032.0
329,Company_0329,2023-06,logistics,201-500,active,business,199,3061,19,161.10526315789474,199,2023-06,2024-12,1,0,0,0,champion,4027.6315789473683
248,Company_0248,2024-11,real estate,51-200,active,enterprise,499,998,2,499.0,499,2024-11,2024-12,0,0,0,0,new,3992.0
554,Company_0554,2023-10,media,51-200,churned,enterprise,499,3992,9,443.55555555555554,499,2023-10,2024-06,0,0,1,0,churned,3992.0
679,Company_0679,2024-11,logistics,51-200,active,enterprise,499,998,2,499.0,499,2024-11,2024-12,0,0,0,0,new,3992.0
622,Company_0622,2022-09,education,1-10,active,business,199,3282,28,117.21428571428571,199,2022-09,2024-12,3,1,0,0,champion,3985.285714285714
460,Company_0460,2022-06,education,11-50,churned,business,199,3980,21,189.52380952380952,199,2022-06,2024-02,0,0,1,0,churned,3980.0
742,Company_0742,2023-01,logistics,501-1000,active,enterprise,499,3096,24,129.0,499,2023-01,2024-12,2,0,0,0,champion,3870.0
33,Company_0033,2022-03,manufacturing,11-50,active,business,199,3246,34,95.47058823529412,199,2022-03,2024-12,2,0,0,0,champion,3818.823529411765
264,Company_0264,2023-09,retail,1-10,active,enterprise,499,2764,16,172.75,499,2023-09,2024-12,2,0,0,0,champion,3800.5
207,Company_0207,2022-05,consulting,201-500,active,business,199,3198,32,99.9375,199,2022-05,2024-12,2,0,0,0,champion,3797.625
501,Company_0501,2024-03,consulting,201-500,active,enterprise,499,2290,10,229.0,499,2024-03,2024-12,1,0,0,0,stable,3664.0
163,Company_0163,2024-01,manufacturing,11-50,active,business,199,2388,12,199.0,199,2024-01,2024-12,0,0,0,0,stable,3582.0
511,Company_0511,2024-01,healthcare,11-50,active,business,199,2388,12,199.0,199,2024-01,2024-12,0,0,0,0,stable,3582.0
545,Company_0545,2024-01,consulting,51-200,active,business,199,2388,12,199.0,199,2024-01,2024-12,0,0,0,0,stable,3582.0
366,Company_0366,2023-04,healthcare,11-50,active,business,199,2739,21,130.42857142857142,199,2023-04,2024-12,1,0,0,0,champion,3521.5714285714284
222,Company_0222,2023-11,retail,51-200,active,business,199,2426,14,173.28571428571428,499,2023-11,2024-12,2,1,0,0,champion,3465.714285714286
485,Company_0485,2023-12,finance,11-50,active,business,199,2347,13,180.53846153846155,199,2023-12,2024-12,1,1,0,0,champion,3430.2307692307695
542,Company_0542,2024-01,media,11-50,active,professional,79,2268,12,189.0,199,2024-01,2024-12,0,1,0,0,at_risk,3402.0
97,Company_0097,2023-09,consulting,11-50,active,business,199,2464,16,154.0,199,2023-09,2024-12,1,0,0,0,champion,3388.0
629,Company_0629,2022-02,finance,51-200,churned,enterprise,499,3386,15,225.73333333333332,499,2022-02,2023-04,1,0,1,0,churned,3386.0
177,Company_0177,2024-02,retail,1000+,active,business,199,2189,11,199.0,199,2024-02,2024-12,0,0,0,0,stable,3383.0
376,Company_0376,2023-02,education,51-200,churned,business,199,3383,19,178.05263157894737,199,2023-02,2024-08,0,0,2,1,churned,3383.0
610,Company_0610,2024-02,manufacturing,1-10,active,business,199,2189,11,199.0,199,2024-02,2024-12,0,0,0,0,stable,3383.0
244,Company_0244,2023-04,real estate,51-200,active,business,199,2619,21,124.71428571428571,199,2023-04,2024-12,1,0,0,0,champion,3367.285714285714
650,Company_0650,2023-08,real estate,11-50,active,enterprise,499,2423,17,142.52941176470588,499,2023-08,2024-12,2,0,0,0,champion,3278.176470588235
340,Company_0340,2022-04,media,11-50,active,starter,29,2759,32,86.21875,199,2022-04,2024-12,0,2,1,1,at_risk,3276.3125
144,Company_0144,2023-01,real estate,11-50,active,business,199,2616,24,109.0,199,2023-01,2024-12,1,0,0,0,champion,3270.0
311,Company_0311,2023-06,finance,51-200,active,business,199,2461,19,129.52631578947367,199,2023-06,2024-12,1,0,0,0,champion,3238.157894736842
215,Company_0215,2024-03,real estate,11-50,active,business,199,1990,10,199.0,199,2024-03,2024-12,0,0,0,0,stable,3184.0
606,Company_0606,2023-07,manufacturing,11-50,active,business,199,2382,18,132.33333333333334,199,2023-07,2024-12,1,0,0,0,champion,3176.0
309,Company_0309,2024-06,logistics,51-200,active,business,199,1693,7,241.85714285714286,499,2024-06,2024-12,1,1,0,0,stable,3144.142857142857
605,Company_0605,2022-06,real estate,1-10,churned,professional,79,3134,27,116.07407407407408,199,2022-06,2024-08,0,1,1,0,churned,3134.0
195,Company_0195,2023-02,education,11-50,active,professional,79,2477,23,107.69565217391305,199,2023-02,2024-12,1,2,0,0,at_risk,3123.173913043478
740,Company_0740,2023-04,manufacturing,11-50,active,business,199,2409,21,114.71428571428571,199,2023-04,2024-12,2,0,0,0,champion,3097.285714285714
235,Company_0235,2022-09,education,501-1000,active,professional,79,2522,28,90.07142857142857,199,2022-09,2024-12,2,2,0,0,champion,3062.4285714285716
127,Company_0127,2024-07,media,51-200,active,enterprise,499,1494,6,249.0,499,2024-07,2024-12,1,0,0,0,stable,2988.0
293,Company_0293,2024-07,real estate,11-50,active,enterprise,499,1494,6,249.0,499,2024-07,2024-12,1,0,0,0,stable,2988.0
305,Company_0305,2024-04,consulting,51-200,active,business,199,1791,9,199.0,199,2024-04,2024-12,0,0,0,0,stable,2985.0
510,Company_0510,2024-04,manufacturing,1-10,active,business,199,1791,9,199.0,199,2024-04,2024-12,0,0,0,0,stable,2985.0
654,Company_0654,2024-04,real estate,1000+,active,business,199,1791,9,199.0,199,2024-04,2024-12,0,0,0,0,stable,2985.0
715,Company_0715,2023-03,real estate,201-500,churned,business,199,2985,17,175.58823529411765,199,2023-03,2024-09,0,0,2,1,churned,2985.0
743,Company_0743,2024-04,technology,201-500,active,business,199,1791,9,199.0,199,2024-04,2024-12,0,0,0,0,stable,2985.0
456,Company_0456,2023-08,media,51-200,active,business,199,2183,17,128.41176470588235,199,2023-08,2024-12,1,0,0,0,champion,2953.470588235294
667,Company_0667,2022-11,finance,1000+,active,professional,79,2384,26,91.6923076923077,199,2022-11,2024-12,2,1,0,0,champion,2934.153846153846
563,Company_0563,2022-06,logistics,201-500,active,professional,79,2449,31,79.0,79,2022-06,2024-12,0,0,0,0,stable,2923.0
444,Company_0444,2023-04,consulting,11-50,active,enterprise,499,2199,21,104.71428571428571,499,2023-04,2024-12,2,0,0,0,champion,2827.285714285714
80,Company_0080,2022-05,manufacturing,201-500,active,starter,29,2378,32,74.3125,79,2022-05,2024-12,0,1,0,0,at_risk,2823.875
429,Company_0429,2023-03,manufacturing,11-50,active,professional,79,2218,22,100.81818181818181,199,2023-03,2024-12,1,1,0,0,champion,2822.909090909091
49,Company_0049,2023-10,education,1000+,churned,business,199,2786,15,185.73333333333332,199,2023-10,2024-12,0,0,1,0,churned,2786.0
77,Company_0077,2024-05,manufacturing,11-50,active,business,199,1592,8,199.0,199,2024-05,2024-12,0,0,0,0,stable,2786.0
93,Company_0093,2024-05,finance,11-50,active,business,199,1592,8,199.0,199,2024-05,2024-12,0,0,0,0,stable,2786.0
360,Company_0360,2023-11,media,51-200,active,professional,79,1946,14,139.0,199,2023-11,2024-12,0,1,0,0,at_risk,2780.0
354,Company_0354,2022-08,finance,51-200,active,professional,79,2291,29,79.0,79,2022-08,2024-12,0,0,0,0,stable,2765.0
40,Company_0040,2023-06,technology,501-1000,active,business,199,2101,19,110.57894736842105,199,2023-06,2024-12,1,0,0,0,champion,2764.4736842105262
44,Company_0044,2024-09,education,1000+,active,enterprise,499,1096,4,274.0,499,2024-09,2024-12,1,0,0,0,new,2740.0
130,Company_0130,2023-09,manufacturing,51-200,active,business,199,1984,16,124.0,199,2023-09,2024-12,1,0,0,0,champion,2728.0
37,Company_0037,2023-01,education,201-500,active,business,199,2106,24,87.75,199,2023-01,2024-12,2,1,0,0,champion,2632.5
143,Company_0143,2023-08,real estate,11-50,active,professional,79,1943,17,114.29411764705883,199,2023-08,2024-12,1,1,0,0,champion,2628.764705882353
599,Company_0599,2022-09,logistics,11-50,churned,professional,79,2616,26,100.61538461538461,199,2022-09,2024-11,1,0,2,1,churned,2616.0
745,Company_0745,2022-10,real estate,51-200,active,professional,79,2133,27,79.0,79,2022-10,2024-12,0,0,0,0,stable,2607.0
26,Company_0026,2024-06,healthcare,51-200,active,business,199,1393,7,199.0,199,2024-06,2024-12,0,0,0,0,stable,2587.0
36,Company_0036,2024-06,retail,201-500,active,business,199,1393,7,199.0,199,2024-06,2024-12,0,0,0,0,stable,2587.0
133,Company_0133,2022-06,technology,501-1000,churned,business,199,2587,14,184.78571428571428,199,2022-06,2023-07,0,0,1,0,churned,2587.0
707,Company_0707,2023-02,retail,51-200,churned,business,199,2587,15,172.46666666666667,199,2023-02,2024-06,0,0,2,1,churned,2587.0
728,Company_0728,2024-06,consulting,51-200,active,business,199,1393,7,199.0,199,2024-06,2024-12,0,0,0,0,stable,2587.0
137,Company_0137,2023-09,finance,1000+,active,business,199,1864,16,116.5,199,2023-09,2024-12,1,0,0,0,champion,2563.0
319,Company_0319,2022-07,technology,51-200,active,professional,79,2120,30,70.66666666666667,79,2022-07,2024-12,1,1,0,0,champion,2544.0
50,Company_0050,2022-08,finance,51-200,churned,business,199,2543,28,90.82142857142857,199,2022-08,2024-11,2,1,1,0,churned,2543.0
142,Company_0142,2022-11,healthcare,11-50,active,professional,79,2054,26,79.0,79,2022-11,2024-12,0,0,0,0,stable,2528.0
750,Company_0750,2024-01,retail,501-1000,active,business,199,1668,12,139.0,199,2024-01,2024-12,1,0,0,0,champion,2502.0
211,Company_0211,2023-10,real estate,501-1000,active,business,199,1785,15,119.0,199,2023-10,2024-12,1,0,0,0,champion,2499.0
5,Company_0005,2022-07,technology,1-10,active,professional,79,2020,30,67.33333333333333,79,2022-07,2024-12,1,0,0,0,champion,2424.0
773,Company_0773,2022-06,technology,501-1000,active,professional,79,2009,31,64.80645161290323,199,2022-06,2024-12,1,2,0,0,at_risk,2397.8387096774195
793,Company_0793,2023-09,education,51-200,churned,business,199,2391,10,239.1,499,2023-09,2024-06,0,1,1,0,churned,2391.0
13,Company_0013,2024-07,healthcare,1-10,active,business,199,1194,6,199.0,199,2024-07,2024-12,0,0,0,0,stable,2388.0
407,Company_0407,2023-04,education,51-200,churned,business,199,2388,14,170.57142857142858,199,2023-04,2024-07,0,0,2,1,churned,2388.0
504,Company_0504,2024-07,technology,11-50,active,business,199,1194,6,199.0,199,2024-07,2024-12,0,0,0,0,stable,2388.0
564,Company_0564,2022-01,real estate,1-10,churned,business,199,2388,13,183.69230769230768,199,2022-01,2023-01,0,0,1,0,churned,2388.0
771,Company_0771,2022-05,technology,501-1000,churned,business,199,2388,14,170.57142857142858,199,2022-05,2023-07,0,0,2,1,churned,2388.0
162,Company_0162,2024-01,consulting,11-50,active,business,199,1589,12,132.41666666666666,199,2024-01,2024-12,1,0,1,1,champion,2383.5
150,Company_0150,2023-01,healthcare,501-1000,active,professional,79,1896,24,79.0,79,2023-01,2024-12,0,0,0,0,stable,2370.0
663,Company_0663,2024-01,finance,51-200,active,professional,79,1548,12,129.0,199,2024-01,2024-12,0,1,0,0,at_risk,2322.0
604,Company_0604,2022-04,consulting,1-10,churned,business,199,2270,31,73.2258064516129,199,2022-04,2024-10,2,0,1,0,churned,2270.0
316,Company_0316,2024-03,healthcare,501-1000,active,professional,79,1390,10,139.0,199,2024-03,2024-12,0,1,0,0,at_risk,2224.0
673,Company_0673,2022-04,finance,11-50,active,professional,79,1878,33,56.90909090909091,79,2022-04,2024-12,1,0,1,1,champion,2219.4545454545455
161,Company_0161,2023-03,healthcare,201-500,active,professional,79,1738,22,79.0,79,2023-03,2024-12,0,0,0,0,stable,2212.0
294,Company_0294,2023-03,education,201-500,active,professional,79,1738,22,79.0,79,2023-03,2024-12,0,0,0,0,stable,2212.0
565,Company_0565,2023-03,retail,1000+,active,professional,79,1738,22,79.0,79,2023-03,2024-12,0,0,0,0,stable,2212.0
209,Company_0209,2022-01,real estate,1-10,active,professional,79,1894,36,52.611111111111114,79,2022-01,2024-12,1,1,0,0,champion,2209.6666666666665
72,Company_0072,2022-09,education,51-200,active,starter,29,1812,28,64.71428571428571,79,2022-09,2024-12,0,1,0,0,at_risk,2200.285714285714
8,Company_0008,2024-08,consulting,11-50,active,business,199,995,5,199.0,199,2024-08,2024-12,0,0,0,0,new,2189.0
116,Company_0116,2024-08,consulting,11-50,active,business,199,995,5,199.0,199,2024-08,2024-12,0,0,0,0,new,2189.0
184,Company_0184,2024-08,consulting,51-200,active,business,199,995,5,199.0,199,2024-08,2024-12,0,0,0,0,new,2189.0
291,Company_0291,2022-02,consulting,1-10,churned,business,199,2189,12,182.41666666666666,199,2022-02,2023-01,0,0,1,0,churned,2189.0
530,Company_0530,2024-08,education,1-10,active,business,199,995,5,199.0,199,2024-08,2024-12,0,0,0,0,new,2189.0
539,Company_0539,2023-07,retail,201-500,churned,business,199,2189,12,182.41666666666666,199,2023-07,2024-06,0,0,1,0,churned,2189.0
345,Company_0345,2023-05,consulting,51-200,active,business,199,1662,19,87.47368421052632,199,2023-05,2024-12,1,0,1,1,champion,2186.842105263158
587,Company_0587,2022-03,technology,11-50,active,professional,79,1836,34,54.0,79,2022-03,2024-12,2,1,0,0,champion,2160.0
178,Company_0178,2023-04,healthcare,51-200,active,professional,79,1669,21,79.47619047619048,199,2023-04,2024-12,1,2,0,0,at_risk,2145.857142857143
225,Company_0225,2022-12,finance,11-50,active,professional,79,1725,25,69.0,79,2022-12,2024-12,1,0,0,0,champion,2139.0
283,Company_0283,2023-04,media,51-200,active,professional,79,1659,21,79.0,79,2023-04,2024-12,0,0,0,0,stable,2133.0
668,Company_0668,2022-08,healthcare,11-50,active,professional,79,1741,29,60.03448275862069,79,2022-08,2024-12,1,1,0,0,champion,2101.206896551724
1,Company_0001,2023-04,healthcare,1-10,active,professional,79,1609,21,76.61904761904762,79,2023-04,2024-12,1,1,0,0,champion,2068.714285714286
466,Company_0466,2023-04,media,11-50,active,professional,79,1609,21,76.61904761904762,79,2023-04,2024-12,1,1,0,0,champion,2068.714285714286
117,Company_0117,2024-06,healthcare,501-1000,churned,enterprise,499,1996,5,399.2,499,2024-06,2024-10,0,0,1,0,churned,1996.0
119,Company_0119,2024-09,consulting,11-50,active,business,199,796,4,199.0,199,2024-09,2024-12,0,0,0,0,new,1990.0
198,Company_0198,2024-09,finance,11-50,active,business,199,796,4,199.0,199,2024-09,2024-12,0,0,0,0,new,1990.0
243,Company_0243,2024-09,education,51-200,active,business,199,796,4,199.0,199,2024-09,2024-12,0,0,0,0,new,1990.0
281,Company_0281,2024-09,logistics,501-1000,active,business,199,796,4,199.0,199,2024-09,2024-12,0,0,0,0,new,1990.0
327,Company_0327,2023-10,finance,501-1000,churned,business,199,1990,11,180.9090909090909,199,2023-10,2024-08,0,0,1,0,churned,1990.0
406,Company_0406,2024-09,healthcare,51-200,active,business,199,796,4,199.0,199,2024-09,2024-12,0,0,0,0,new,1990.0
490,Company_0490,2024-09,real estate,51-200,active,business,199,796,4,199.0,199,2024-09,2024-12,0,0,0,0,new,1990.0
507,Company_0507,2024-09,media,11-50,active,business,199,796,4,199.0,199,2024-09,2024-12,0,0,0,0,new,1990.0
632,Company_0632,2024-09,media,11-50,active,business,199,796,4,199.0,199,2024-09,2024-12,0,0,0,0,new,1990.0
197,Company_0197,2024-04,manufacturing,501-1000,active,business,199,1191,9,132.33333333333334,199,2024-04,2024-12,1,0,0,0,stable,1985.0
266,Company_0266,2024-04,finance,11-50,active,business,199,1191,9,132.33333333333334,199,2024-04,2024-12,1,0,0,0,stable,1985.0
228,Company_0228,2023-05,manufacturing,11-50,churned,business,199,1981,20,99.05,199,2023-05,2024-12,1,1,1,0,churned,1981.0
98,Company_0098,2023-06,healthcare,501-1000,active,professional,79,1501,19,79.0,79,2023-06,2024-12,0,0,0,0,stable,1975.0
568,Company_0568,2023-06,education,1000+,active,professional,79,1501,19,79.0,79,2023-06,2024-12,0,0,0,0,stable,1975.0
777,Company_0777,2022-10,education,501-1000,churned,professional,79,1975,26,75.96153846153847,79,2022-10,2024-11,0,0,1,0,churned,1975.0
621,Company_0621,2022-08,technology,501-1000,active,professional,79,1604,27,59.407407407407405,79,2022-08,2024-12,1,0,1,1,champion,1960.4444444444443
176,Company_0176,2022-08,retail,1-10,churned,business,199,1946,15,129.73333333333332,199,2022-08,2023-10,1,0,1,0,churned,1946.0
121,Company_0121,2024-06,retail,51-200,active,business,199,1033,7,147.57142857142858,199,2024-06,2024-12,1,0,0,0,stable,1918.4285714285716
216,Company_0216,2022-11,media,11-50,active,professional,79,1554,26,59.76923076923077,79,2022-11,2024-12,2,2,0,0,champion,1912.6153846153845
247,Company_0247,2023-06,education,501-1000,active,starter,29,1451,19,76.36842105263158,79,2023-06,2024-12,0,1,0,0,at_risk,1909.2105263157896
382,Company_0382,2024-03,retail,1000+,active,business,199,1191,10,119.1,199,2024-03,2024-12,1,0,1,1,stable,1905.6
581,Company_0581,2023-07,real estate,501-1000,active,professional,79,1422,18,79.0,79,2023-07,2024-12,0,0,0,0,stable,1896.0
611,Company_0611,2022-02,consulting,11-50,churned,business,199,1868,24,77.83333333333333,199,2022-02,2024-02,2,0,2,1,churned,1868.0
588,Company_0588,2022-06,real estate,51-200,churned,business,199,1861,20,93.05,199,2022-06,2024-01,1,0,1,0,churned,1861.0
336,Company_0336,2022-02,retail,51-200,active,professional,79,1565,35,44.714285714285715,79,2022-02,2024-12,1,1,0,0,champion,1833.2857142857142
373,Company_0373,2022-04,logistics,501-1000,churned,professional,79,1823,18,101.27777777777777,199,2022-04,2023-09,1,1,1,0,churned,1823.0
704,Company_0704,2022-06,real estate,501-1000,churned,business,199,1823,18,101.27777777777777,199,2022-06,2023-11,1,0,1,0,churned,1823.0
342,Company_0342,2023-08,education,201-500,active,professional,79,1343,17,79.0,79,2023-08,2024-12,0,0,0,0,stable,1817.0
388,Company_0388,2022-08,real estate,201-500,churned,professional,79,1817,24,75.70833333333333,79,2022-08,2024-07,0,0,1,0,churned,1817.0
449,Company_0449,2023-04,logistics,1-10,active,starter,29,1409,21,67.0952380952381,79,2023-04,2024-12,0,1,0,0,at_risk,1811.5714285714287
10,Company_0010,2024-03,technology,201-500,churned,business,199,1791,10,179.1,199,2024-03,2024-12,0,0,1,0,churned,1791.0
17,Company_0017,2023-01,healthcare,51-200,churned,business,199,1791,10,179.1,199,2023-01,2023-10,0,0,1,0,churned,1791.0
135,Company_0135,2024-10,consulting,501-1000,active,business,199,597,3,199.0,199,2024-10,2024-12,0,0,0,0,new,1791.0
303,Company_0303,2023-10,healthcare,51-200,churned,business,199,1791,10,179.1,199,2023-10,2024-07,0,0,1,0,churned,1791.0
365,Company_0365,2024-10,education,1000+,active,business,199,597,3,199.0,199,2024-10,2024-12,0,0,0,0,new,1791.0
576,Company_0576,2024-10,manufacturing,51-200,active,business,199,597,3,199.0,199,2024-10,2024-12,0,0,0,0,new,1791.0
721,Company_0721,2024-10,media,51-200,active,business,199,597,3,199.0,199,2024-10,2024-12,0,0,0,0,new,1791.0
60,Company_0060,2023-02,consulting,201-500,active,professional,79,1417,23,61.608695652173914,79,2023-02,2024-12,2,1,0,0,champion,1786.6521739130435
201,Company_0201,2024-01,real estate,11-50,active,business,199,1188,12,99.0,199,2024-01,2024-12,1,0,0,0,champion,1782.0
379,Company_0379,2024-07,healthcare,11-50,active,business,199,796,5,159.2,199,2024-07,2024-12,0,0,1,1,new,1751.1999999999998
343,Company_0343,2022-08,logistics,51-200,active,professional,79,1441,29,49.689655172413794,79,2022-08,2024-12,1,0,0,0,champion,1739.1379310344828
296,Company_0296,2023-09,education,201-500,active,professional,79,1264,16,79.0,79,2023-09,2024-12,0,0,0,0,stable,1738.0
351,Company_0351,2023-09,real estate,201-500,active,professional,79,1264,16,79.0,79,2023-09,2024-12,0,0,0,0,stable,1738.0
475,Company_0475,2023-09,consulting,1000+,active,professional,79,1264,16,79.0,79,2023-09,2024-12,0,0,0,0,stable,1738.0
744,Company_0744,2023-09,retail,51-200,active,professional,79,1264,16,79.0,79,2023-09,2024-12,0,0,0,0,stable,1738.0
282,Company_0282,2023-02,retail,1-10,active,professional,79,1367,23,59.43478260869565,79,2023-02,2024-12,1,1,0,0,champion,1723.608695652174
233,Company_0233,2023-11,healthcare,51-200,active,business,199,1186,14,84.71428571428571,199,2023-11,2024-12,2,0,0,0,champion,1694.2857142857142
428,Company_0428,2024-09,logistics,1000+,active,professional,79,676,4,169.0,199,2024-09,2024-12,0,1,0,0,at_risk,1690.0
88,Company_0088,2024-01,real estate,11-50,active,business,199,1108,12,92.33333333333333,199,2024-01,2024-12,2,0,0,0,champion,1662.0
726,Company_0726,2024-08,finance,11-50,active,professional,79,755,5,151.0,199,2024-08,2024-12,0,1,0,0,at_risk,1661.0
67,Company_0067,2022-07,healthcare,11-50,churned,professional,79,1659,23,72.1304347826087,79,2022-07,2024-05,0,0,2,1,churned,1659.0
748,Company_0748,2023-10,education,51-200,active,professional,79,1185,15,79.0,79,2023-10,2024-12,0,0,0,0,stable,1659.0
348,Company_0348,2022-02,retail,1000+,active,professional,79,1415,35,40.42857142857143,79,2022-02,2024-12,1,0,0,0,champion,1657.5714285714287
591,Company_0591,2022-07,finance,51-200,churned,professional,79,1644,27,60.888888888888886,199,2022-07,2024-09,2,1,1,0,churned,1644.0
267,Company_0267,2024-03,real estate,11-50,churned,enterprise,499,1633,8,204.125,499,2024-03,2024-10,2,0,1,0,churned,1633.0
47,Company_0047,2023-02,manufacturing,1-10,active,starter,29,1267,23,55.08695652173913,79,2023-02,2024-12,1,2,0,0,at_risk,1597.5217391304348
418,Company_0418,2023-02,finance,501-1000,active,professional,79,1267,23,55.08695652173913,79,2023-02,2024-12,1,1,0,0,champion,1597.5217391304348
644,Company_0644,2023-02,real estate,201-500,active,professional,79,1267,23,55.08695652173913,79,2023-02,2024-12,1,1,0,0,champion,1597.5217391304348
754,Company_0754,2023-02,education,11-50,active,professional,79,1267,23,55.08695652173913,79,2023-02,2024-12,1,0,0,0,champion,1597.5217391304348
12,Company_0012,2024-11,retail,1000+,active,business,199,398,2,199.0,199,2024-11,2024-12,0,0,0,0,new,1592.0
203,Company_0203,2022-08,logistics,501-1000,churned,business,199,1592,9,176.88888888888889,199,2022-08,2023-04,0,0,1,0,churned,1592.0
249,Company_0249,2024-11,media,11-50,active,business,199,398,2,199.0,199,2024-11,2024-12,0,0,0,0,new,1592.0
465,Company_0465,2024-11,consulting,11-50,active,business,199,398,2,199.0,199,2024-11,2024-12,0,0,0,0,new,1592.0
527,Company_0527,2023-05,education,51-200,churned,business,199,1592,9,176.88888888888889,199,2023-05,2024-01,0,0,1,0,churned,1592.0
774,Company_0774,2023-05,media,501-1000,churned,business,199,1592,9,176.88888888888889,199,2023-05,2024-01,0,0,1,0,churned,1592.0
725,Company_0725,2023-11,manufacturing,501-1000,active,professional,79,1106,14,79.0,79,2023-11,2024-12,0,0,0,0,stable,1580.0
297,Company_0297,2024-05,logistics,51-200,active,business,199,872,8,109.0,199,2024-05,2024-12,1,0,0,0,stable,1526.0
453,Company_0453,2023-06,consulting,51-200,active,professional,79,1151,19,60.578947368421055,79,2023-06,2024-12,1,0,0,0,champion,1514.4736842105262
191,Company_0191,2022-04,real estate,501-1000,churned,starter,29,1512,30,50.4,79,2022-04,2024-09,2,2,2,1,churned,1512.0
55,Company_0055,2023-12,manufacturing,51-200,active,professional,79,1027,13,79.0,79,2023-12,2024-12,0,0,0,0,stable,1501.0
464,Company_0464,2023-12,technology,51-200,active,professional,79,1027,13,79.0,79,2023-12,2024-12,0,0,0,0,stable,1501.0
593,Company_0593,2022-08,education,11-50,churned,professional,79,1501,20,75.05,79,2022-08,2024-03,0,0,1,0,churned,1501.0
787,Company_0787,2023-12,media,201-500,active,professional,79,1027,13,79.0,79,2023-12,2024-12,0,0,0,0,stable,1501.0
528,Company_0528,2023-01,consulting,1-10,churned,enterprise,499,1497,4,374.25,499,2023-01,2023-04,0,0,1,0,churned,1497.0
713,Company_0713,2023-08,consulting,11-50,active,business,199,1103,17,64.88235294117646,199,2023-08,2024-12,2,0,0,0,champion,1492.2941176470588
320,Company_0320,2022-11,education,11-50,active,professional,79,1204,26,46.30769230769231,79,2022-11,2024-12,1,0,0,0,champion,1481.8461538461538
531,Company_0531,2024-07,healthcare,51-200,active,professional,79,714,6,119.0,199,2024-07,2024-12,0,1,0,0,at_risk,1428.0
82,Company_0082,2024-01,real estate,1-10,active,professional,79,948,12,79.0,79,2024-01,2024-12,0,0,0,0,stable,1422.0
147,Company_0147,2024-01,healthcare,1000+,active,professional,79,948,12,79.0,79,2024-01,2024-12,0,0,0,0,stable,1422.0
261,Company_0261,2024-01,manufacturing,11-50,active,professional,79,948,12,79.0,79,2024-01,2024-12,0,0,0,0,stable,1422.0
328,Company_0328,2024-01,real estate,1-10,active,professional,79,948,12,79.0,79,2024-01,2024-12,0,0,0,0,stable,1422.0
560,Company_0560,2024-01,consulting,1-10,active,professional,79,948,12,79.0,79,2024-01,2024-12,0,0,0,0,stable,1422.0
613,Company_0613,2024-01,real estate,1000+,active,professional,79,948,12,79.0,79,2024-01,2024-12,0,0,0,0,stable,1422.0
659,Company_0659,2024-01,retail,1-10,active,professional,79,948,12,79.0,79,2024-01,2024-12,0,0,0,0,stable,1422.0
308,Company_0308,2023-02,healthcare,11-50,active,professional,79,1117,23,48.56521739130435,79,2023-02,2024-12,1,0,0,0,champion,1408.391304347826
66,Company_0066,2023-10,real estate,1-10,active,business,199,1005,15,67.0,199,2023-10,2024-12,2,0,0,0,champion,1407.0
514,Company_0514,2024-08,manufacturing,201-500,active,business,199,635,5,127.0,199,2024-08,2024-12,1,0,0,0,new,1397.0
70,Company_0070,2024-12,technology,11-50,active,business,199,199,1,199.0,199,2024-12,2024-12,0,0,0,0,new,1393.0
94,Company_0094,2023-10,technology,51-200,churned,business,199,1393,8,174.125,199,2023-10,2024-05,0,0,1,0,churned,1393.0
262,Company_0262,2024-12,consulting,11-50,active,business,199,199,1,199.0,199,2024-12,2024-12,0,0,0,0,new,1393.0
362,Company_0362,2024-01,consulting,11-50,churned,business,199,1393,8,174.125,199,2024-01,2024-08,0,0,1,0,churned,1393.0
447,Company_0447,2024-12,real estate,201-500,active,business,199,199,1,199.0,199,2024-12,2024-12,0,0,0,0,new,1393.0
497,Company_0497,2023-12,education,501-1000,churned,business,199,1393,8,174.125,199,2023-12,2024-07,0,0,1,0,churned,1393.0
500,Company_0500,2024-12,media,11-50,active,business,199,199,1,199.0,199,2024-12,2024-12,0,0,0,0,new,1393.0
519,Company_0519,2024-12,education,11-50,active,business,199,199,1,199.0,199,2024-12,2024-12,0,0,0,0,new,1393.0
634,Company_0634,2023-09,manufacturing,51-200,churned,business,199,1393,8,174.125,199,2023-09,2024-04,0,0,1,0,churned,1393.0
688,Company_0688,2023-01,consulting,11-50,churned,business,199,1393,8,174.125,199,2023-01,2023-08,0,0,1,0,churned,1393.0
617,Company_0617,2022-03,manufacturing,501-1000,churned,professional,79,1390,11,126.36363636363636,199,2022-03,2023-01,0,1,1,0,churned,1390.0
640,Company_0640,2023-04,technology,1-10,churned,business,199,1387,14,99.07142857142857,199,2023-04,2024-05,1,0,1,0,churned,1387.0
620,Company_0620,2024-04,retail,11-50,active,business,199,831,9,92.33333333333333,199,2024-04,2024-12,1,0,0,0,stable,1385.0
764,Company_0764,2024-04,consulting,11-50,active,business,199,831,9,92.33333333333333,199,2024-04,2024-12,1,0,0,0,stable,1385.0
318,Company_0318,2022-08,media,201-500,active,starter,29,1141,29,39.3448275862069,79,2022-08,2024-12,0,1,0,0,at_risk,1377.0689655172414
226,Company_0226,2022-11,healthcare,51-200,active,professional,79,1104,26,42.46153846153846,79,2022-11,2024-12,2,1,0,0,champion,1358.7692307692307
369,Company_0369,2022-09,manufacturing,201-500,active,professional,79,1112,28,39.714285714285715,79,2022-09,2024-12,1,1,0,0,champion,1350.2857142857142
186,Company_0186,2024-02,real estate,1-10,active,professional,79,869,11,79.0,79,2024-02,2024-12,0,0,0,0,stable,1343.0
212,Company_0212,2024-02,consulting,1-10,active,professional,79,869,11,79.0,79,2024-02,2024-12,0,0,0,0,stable,1343.0
411,Company_0411,2023-02,healthcare,51-200,churned,professional,79,1343,18,74.61111111111111,79,2023-02,2024-07,0,0,1,0,churned,1343.0
419,Company_0419,2024-02,healthcare,201-500,active,professional,79,869,11,79.0,79,2024-02,2024-12,0,0,0,0,stable,1343.0
597,Company_0597,2024-02,consulting,51-200,active,professional,79,869,11,79.0,79,2024-02,2024-12,0,0,0,0,stable,1343.0
403,Company_0403,2023-09,media,1000+,active,starter,29,964,16,60.25,79,2023-09,2024-12,1,1,0,0,champion,1325.5
313,Company_0313,2022-01,logistics,11-50,churned,professional,79,1304,27,48.2962962962963,79,2022-01,2024-03,2,1,1,0,churned,1304.0
758,Company_0758,2023-09,healthcare,11-50,active,business,199,934,16,58.375,199,2023-09,2024-12,2,0,0,0,champion,1284.25
29,Company_0029,2023-12,consulting,11-50,active,professional,79,877,13,67.46153846153847,79,2023-12,2024-12,1,0,0,0,champion,1281.769230769231
361,Company_0361,2023-04,manufacturing,501-1000,churned,professional,79,1273,8,159.125,199,2023-04,2023-11,0,1,1,0,churned,1273.0
687,Company_0687,2023-11,technology,51-200,churned,business,199,1267,14,90.5,199,2023-11,2024-12,1,0,1,0,churned,1267.0
92,Company_0092,2024-03,consulting,51-200,active,professional,79,790,10,79.0,79,2024-03,2024-12,0,0,0,0,stable,1264.0
322,Company_0322,2024-03,technology,51-200,active,professional,79,790,10,79.0,79,2024-03,2024-12,0,0,0,0,stable,1264.0
231,Company_0231,2024-06,education,51-200,active,business,199,673,7,96.14285714285714,199,2024-06,2024-12,1,0,0,0,stable,1249.857142857143
534,Company_0534,2023-10,logistics,51-200,active,professional,79,885,15,59.0,79,2023-10,2024-12,1,0,0,0,champion,1239.0
741,Company_0741,2023-07,retail,11-50,active,professional,79,922,18,51.22222222222222,79,2023-07,2024-12,1,0,0,0,champion,1229.3333333333333
4,Company_0004,2023-12,healthcare,51-200,active,professional,79,827,13,63.61538461538461,79,2023-12,2024-12,1,0,0,0,champion,1208.6923076923076
712,Company_0712,2023-12,technology,11-50,active,starter,29,827,13,63.61538461538461,79,2023-12,2024-12,0,1,0,0,at_risk,1208.6923076923076
154,Company_0154,2023-08,media,51-200,active,starter,29,893,17,52.529411764705884,79,2023-08,2024-12,0,1,0,0,at_risk,1208.1764705882354
31,Company_0031,2024-01,manufacturing,11-50,active,starter,29,798,12,66.5,79,2024-01,2024-12,0,1,0,0,at_risk,1197.0
115,Company_0115,2024-01,consulting,1-10,active,professional,79,798,12,66.5,79,2024-01,2024-12,1,0,0,0,champion,1197.0
164,Company_0164,2023-09,consulting,1-10,churned,business,199,1194,7,170.57142857142858,199,2023-09,2024-03,0,0,1,0,churned,1194.0
651,Company_0651,2022-04,education,51-200,churned,business,199,1194,8,149.25,199,2022-04,2022-11,0,0,2,1,churned,1194.0
590,Company_0590,2022-07,healthcare,1-10,churned,business,199,1191,10,119.1,199,2022-07,2023-04,1,0,1,0,churned,1191.0
385,Company_0385,2024-04,education,1-10,active,professional,79,711,9,79.0,79,2024-04,2024-12,0,0,0,0,stable,1185.0
639,Company_0639,2023-01,logistics,51-200,active,professional,79,946,24,39.416666666666664,79,2023-01,2024-12,1,0,0,0,champion,1182.5
57,Company_0057,2022-04,education,11-50,churned,professional,79,1151,21,54.80952380952381,79,2022-04,2024-01,1,1,2,1,churned,1151.0
799,Company_0799,2024-03,education,11-50,active,professional,79,711,10,71.1,79,2024-03,2024-12,0,0,1,1,stable,1137.6
165,Company_0165,2022-04,media,51-200,active,starter,29,957,33,29.0,29,2022-04,2024-12,0,0,0,0,stable,1131.0
596,Company_0596,2023-08,real estate,51-200,churned,starter,29,1114,17,65.52941176470588,79,2023-08,2024-12,0,1,1,0,churned,1114.0
52,Company_0052,2024-05,logistics,11-50,active,professional,79,632,8,79.0,79,2024-05,2024-12,0,0,0,0,stable,1106.0
711,Company_0711,2024-05,manufacturing,201-500,active,professional,79,632,8,79.0,79,2024-05,2024-12,0,0,0,0,stable,1106.0
616,Company_0616,2024-09,technology,201-500,active,business,199,436,4,109.0,199,2024-09,2024-12,1,0,0,0,new,1090.0
180,Company_0180,2022-06,media,51-200,active,starter,29,899,31,29.0,29,2022-06,2024-12,0,0,0,0,stable,1073.0
330,Company_0330,2022-11,finance,11-50,active,professional,79,854,26,32.84615384615385,79,2022-11,2024-12,1,0,0,0,champion,1051.076923076923
457,Company_0457,2022-01,media,11-50,churned,starter,29,1046,25,41.84,79,2022-01,2024-01,1,1,1,0,churned,1046.0
145,Company_0145,2023-01,retail,11-50,churned,professional,79,1027,14,73.35714285714286,79,2023-01,2024-02,0,0,1,0,churned,1027.0
272,Company_0272,2024-06,technology,51-200,active,professional,79,553,7,79.0,79,2024-06,2024-12,0,0,0,0,stable,1027.0
516,Company_0516,2022-01,consulting,11-50,churned,professional,79,1027,14,73.35714285714286,79,2022-01,2023-02,0,0,1,0,churned,1027.0
518,Company_0518,2024-06,finance,11-50,active,professional,79,553,7,79.0,79,2024-06,2024-12,0,0,0,0,stable,1027.0
572,Company_0572,2024-06,media,51-200,active,professional,79,553,7,79.0,79,2024-06,2024-12,0,0,0,0,stable,1027.0
775,Company_0775,2024-06,technology,1000+,active,professional,79,553,7,79.0,79,2024-06,2024-12,0,0,0,0,stable,1027.0
15,Company_0015,2022-08,education,201-500,active,starter,29,841,29,29.0,29,2022-08,2024-12,0,0,0,0,stable,1015.0
675,Company_0675,2023-05,manufacturing,501-1000,active,professional,79,780,20,39.0,79,2023-05,2024-12,1,0,0,0,champion,1014.0
747,Company_0747,2023-04,manufacturing,51-200,churned,enterprise,499,998,3,332.6666666666667,499,2023-04,2023-06,0,0,1,0,churned,998.0
172,Company_0172,2022-01,finance,51-200,churned,business,199,995,6,165.83333333333334,199,2022-01,2022-06,0,0,1,0,churned,995.0
196,Company_0196,2023-03,education,11-50,churned,business,199,995,6,165.83333333333334,199,2023-03,2023-08,0,0,1,0,churned,995.0
487,Company_0487,2022-02,logistics,1-10,churned,business,199,995,7,142.14285714285714,199,2022-02,2022-08,0,0,2,1,churned,995.0
221,Company_0221,2024-02,technology,1000+,active,business,199,639,11,58.09090909090909,199,2024-02,2024-12,2,0,0,0,stable,987.5454545454545
268,Company_0268,2024-03,consulting,51-200,active,professional,79,553,8,69.125,79,2024-03,2024-12,0,0,1,1,stable,967.75
298,Company_0298,2022-10,media,1-10,active,starter,29,783,27,29.0,29,2022-10,2024-12,0,0,0,0,stable,957.0
642,Company_0642,2023-02,technology,51-200,churned,professional,79,951,11,86.45454545454545,199,2023-02,2023-12,0,0,2,1,churned,951.0
74,Company_0074,2024-07,logistics,51-200,active,professional,79,474,6,79.0,79,2024-07,2024-12,0,0,0,0,stable,948.0
170,Company_0170,2023-12,real estate,11-50,churned,professional,79,948,13,72.92307692307692,79,2023-12,2024-12,0,0,1,0,churned,948.0
187,Company_0187,2024-07,consulting,1000+,active,professional,79,474,6,79.0,79,2024-07,2024-12,0,0,0,0,stable,948.0
371,Company_0371,2022-05,retail,51-200,churned,professional,79,948,14,67.71428571428571,79,2022-05,2023-07,0,0,2,1,churned,948.0
445,Company_0445,2024-07,technology,1-10,active,professional,79,474,6,79.0,79,2024-07,2024-12,0,0,0,0,stable,948.0
770,Company_0770,2024-07,education,11-50,active,professional,79,474,6,79.0,79,2024-07,2024-12,0,0,0,0,stable,948.0
708,Company_0708,2024-06,technology,11-50,active,starter,29,503,7,71.85714285714286,79,2024-06,2024-12,0,1,0,0,at_risk,934.1428571428571
41,Company_0041,2022-06,finance,201-500,churned,starter,29,930,21,44.285714285714285,79,2022-06,2024-02,0,1,1,0,churned,930.0
522,Company_0522,2023-04,real estate,51-200,churned,starter,29,927,14,66.21428571428571,79,2023-04,2024-05,0,1,1,0,churned,927.0
614,Company_0614,2022-04,finance,201-500,churned,starter,29,922,19,48.526315789473685,79,2022-04,2023-10,1,1,1,0,churned,922.0
194,Company_0194,2024-01,consulting,51-200,active,starter,29,598,12,49.833333333333336,79,2024-01,2024-12,0,1,0,0,at_risk,897.0
570,Company_0570,2023-03,manufacturing,51-200,active,professional,79,688,22,31.272727272727273,79,2023-03,2024-12,1,0,0,0,champion,875.6363636363636
792,Company_0792,2023-12,real estate,201-500,churned,business,199,872,9,96.88888888888889,199,2023-12,2024-08,1,0,1,0,churned,872.0
111,Company_0111,2023-01,finance,501-1000,active,starter,29,696,24,29.0,29,2023-01,2024-12,0,0,0,0,stable,870.0
339,Company_0339,2023-08,healthcare,11-50,active,starter,29,643,17,37.8235294117647,79,2023-08,2024-12,0,1,0,0,at_risk,869.9411764705883
128,Company_0128,2024-08,healthcare,501-1000,active,professional,79,395,5,79.0,79,2024-08,2024-12,0,0,0,0,new,869.0
250,Company_0250,2024-08,manufacturing,11-50,active,professional,79,395,5,79.0,79,2024-08,2024-12,0,0,0,0,new,869.0
273,Company_0273,2024-08,finance,51-200,active,professional,79,395,5,79.0,79,2024-08,2024-12,0,0,0,0,new,869.0
337,Company_0337,2024-08,media,11-50,active,professional,79,395,5,79.0,79,2024-08,2024-12,0,0,0,0,new,869.0
384,Company_0384,2024-08,logistics,11-50,active,professional,79,395,5,79.0,79,2024-08,2024-12,0,0,0,0,new,869.0
468,Company_0468,2024-08,technology,1000+,active,professional,79,395,5,79.0,79,2024-08,2024-12,0,0,0,0,new,869.0
555,Company_0555,2024-08,manufacturing,11-50,active,professional,79,395,5,79.0,79,2024-08,2024-12,0,0,0,0,new,869.0
575,Company_0575,2024-08,technology,51-200,active,professional,79,395,5,79.0,79,2024-08,2024-12,0,0,0,0,new,869.0
615,Company_0615,2024-08,real estate,1-10,active,professional,79,395,5,79.0,79,2024-08,2024-12,0,0,0,0,new,869.0
631,Company_0631,2024-03,education,11-50,active,starter,29,540,10,54.0,79,2024-03,2024-12,0,1,0,0,at_risk,864.0
767,Company_0767,2024-05,finance,1-10,active,starter,29,482,8,60.25,79,2024-05,2024-12,0,1,0,0,at_risk,843.5
6,Company_0006,2022-07,consulting,51-200,churned,starter,29,838,23,36.43478260869565,79,2022-07,2024-05,1,1,1,0,churned,838.0
364,Company_0364,2023-10,logistics,1-10,active,starter,29,585,15,39.0,79,2023-10,2024-12,0,1,0,0,at_risk,819.0
722,Company_0722,2022-08,technology,1-10,churned,professional,79,819,12,68.25,79,2022-08,2023-07,1,1,1,0,churned,819.0
25,Company_0025,2023-07,retail,51-200,churned,business,199,796,5,159.2,199,2023-07,2023-11,0,0,1,0,churned,796.0
101,Company_0101,2022-02,retail,51-200,churned,business,199,796,5,159.2,199,2022-02,2022-06,0,0,1,0,churned,796.0
205,Company_0205,2024-01,manufacturing,11-50,churned,business,199,796,5,159.2,199,2024-01,2024-05,0,0,1,0,churned,796.0
224,Company_0224,2023-03,retail,201-500,churned,business,199,796,5,159.2,199,2023-03,2023-07,0,0,1,0,churned,796.0
288,Company_0288,2023-10,logistics,1000+,churned,business,199,796,5,159.2,199,2023-10,2024-02,0,0,1,0,churned,796.0
469,Company_0469,2022-10,education,11-50,churned,business,199,796,5,159.2,199,2022-10,2023-02,0,0,1,0,churned,796.0
515,Company_0515,2022-02,consulting,51-200,churned,business,199,796,5,159.2,199,2022-02,2022-06,0,0,1,0,churned,796.0
694,Company_0694,2022-11,manufacturing,201-500,churned,business,199,796,5,159.2,199,2022-11,2023-03,0,0,1,0,churned,796.0
731,Company_0731,2022-08,healthcare,1000+,churned,business,199,796,5,159.2,199,2022-08,2022-12,0,0,1,0,churned,796.0
89,Company_0089,2024-09,technology,11-50,active,professional,79,316,4,79.0,79,2024-09,2024-12,0,0,0,0,new,790.0
122,Company_0122,2024-09,education,51-200,active,professional,79,316,4,79.0,79,2024-09,2024-12,0,0,0,0,new,790.0
151,Company_0151,2024-09,finance,51-200,active,professional,79,316,4,79.0,79,2024-09,2024-12,0,0,0,0,new,790.0
192,Company_0192,2024-09,real estate,51-200,active,professional,79,316,4,79.0,79,2024-09,2024-12,0,0,0,0,new,790.0
199,Company_0199,2024-09,finance,201-500,active,professional,79,316,4,79.0,79,2024-09,2024-12,0,0,0,0,new,790.0
204,Company_0204,2024-09,logistics,11-50,active,professional,79,316,4,79.0,79,2024-09,2024-12,0,0,0,0,new,790.0
274,Company_0274,2024-09,real estate,1-10,active,professional,79,316,4,79.0,79,2024-09,2024-12,0,0,0,0,new,790.0
368,Company_0368,2024-09,education,501-1000,active,professional,79,316,4,79.0,79,2024-09,2024-12,0,0,0,0,new,790.0
402,Company_0402,2024-09,healthcare,1-10,active,professional,79,316,4,79.0,79,2024-09,2024-12,0,0,0,0,new,790.0
420,Company_0420,2024-05,media,501-1000,active,professional,79,395,6,65.83333333333333,79,2024-05,2024-12,0,0,1,1,stable,790.0
474,Company_0474,2024-09,retail,201-500,active,professional,79,316,4,79.0,79,2024-09,2024-12,0,0,0,0,new,790.0
486,Company_0486,2024-09,manufacturing,201-500,active,professional,79,316,4,79.0,79,2024-09,2024-12,0,0,0,0,new,790.0
569,Company_0569,2024-09,real estate,501-1000,active,professional,79,316,4,79.0,79,2024-09,2024-12,0,0,0,0,new,790.0
595,Company_0595,2024-09,logistics,51-200,active,professional,79,316,4,79.0,79,2024-09,2024-12,0,0,0,0,new,790.0
646,Company_0646,2024-09,manufacturing,51-200,active,professional,79,316,4,79.0,79,2024-09,2024-12,0,0,0,0,new,790.0
746,Company_0746,2024-09,finance,51-200,active,professional,79,316,4,79.0,79,2024-09,2024-12,0,0,0,0,new,790.0
759,Company_0759,2024-09,education,201-500,active,professional,79,316,4,79.0,79,2024-09,2024-12,0,0,0,0,new,790.0
786,Company_0786,2024-09,retail,11-50,active,professional,79,316,4,79.0,79,2024-09,2024-12,0,0,0,0,new,790.0
167,Company_0167,2023-02,consulting,201-500,active,starter,29,609,22,27.681818181818183,29,2023-02,2024-12,0,0,1,1,stable,775.0909090909091
146,Company_0146,2022-02,retail,11-50,churned,starter,29,725,26,27.884615384615383,29,2022-02,2024-03,0,0,1,0,churned,725.0
2,Company_0002,2024-10,retail,11-50,active,professional,79,237,3,79.0,79,2024-10,2024-12,0,0,0,0,new,711.0
53,Company_0053,2024-10,finance,51-200,active,professional,79,237,3,79.0,79,2024-10,2024-12,0,0,0,0,new,711.0
241,Company_0241,2024-10,real estate,201-500,active,professional,79,237,3,79.0,79,2024-10,2024-12,0,0,0,0,new,711.0
242,Company_0242,2024-10,finance,201-500,active,professional,79,237,3,79.0,79,2024-10,2024-12,0,0,0,0,new,711.0
412,Company_0412,2024-10,education,51-200,active,professional,79,237,3,79.0,79,2024-10,2024-12,0,0,0,0,new,711.0
446,Company_0446,2024-10,media,11-50,active,professional,79,237,3,79.0,79,2024-10,2024-12,0,0,0,0,new,711.0
509,Company_0509,2024-10,logistics,51-200,active,professional,79,237,3,79.0,79,2024-10,2024-12,0,0,0,0,new,711.0
513,Company_0513,2024-10,education,201-500,active,professional,79,237,3,79.0,79,2024-10,2024-12,0,0,0,0,new,711.0
578,Company_0578,2024-10,healthcare,201-500,active,professional,79,237,3,79.0,79,2024-10,2024-12,0,0,0,0,new,711.0
583,Company_0583,2023-08,manufacturing,11-50,churned,professional,79,711,10,71.1,79,2023-08,2024-05,0,0,1,0,churned,711.0
752,Company_0752,2024-10,real estate,11-50,active,professional,79,237,3,79.0,79,2024-10,2024-12,0,0,0,0,new,711.0
785,Company_0785,2022-08,education,51-200,churned,professional,79,711,10,71.1,79,2022-08,2023-05,0,0,1,0,churned,711.0
790,Company_0790,2024-10,real estate,11-50,active,professional,79,237,3,79.0,79,2024-10,2024-12,0,0,0,0,new,711.0
797,Company_0797,2024-10,consulting,501-1000,active,professional,79,237,3,79.0,79,2024-10,2024-12,0,0,0,0,new,711.0
623,Company_0623,2023-04,media,501-1000,active,starter,29,522,19,27.473684210526315,29,2023-04,2024-12,0,0,1,1,stable,686.8421052631579
42,Company_0042,2023-08,logistics,1-10,active,starter,29,493,17,29.0,29,2023-08,2024-12,0,0,0,0,stable,667.0
672,Company_0672,2024-09,technology,201-500,active,starter,29,266,4,66.5,79,2024-09,2024-12,0,1,0,0,at_risk,665.0
28,Company_0028,2023-09,real estate,11-50,active,starter,29,464,16,29.0,29,2023-09,2024-12,0,0,0,0,stable,638.0
734,Company_0734,2023-09,logistics,51-200,active,starter,29,464,16,29.0,29,2023-09,2024-12,0,0,0,0,stable,638.0
690,Company_0690,2022-09,media,11-50,churned,professional,79,635,6,105.83333333333333,199,2022-09,2023-02,0,1,1,0,churned,635.0
35,Company_0035,2024-11,real estate,1-10,active,professional,79,158,2,79.0,79,2024-11,2024-12,0,0,0,0,new,632.0
51,Company_0051,2024-11,education,201-500,active,professional,79,158,2,79.0,79,2024-11,2024-12,0,0,0,0,new,632.0
109,Company_0109,2022-10,logistics,1000+,churned,professional,79,632,9,70.22222222222223,79,2022-10,2023-06,0,0,1,0,churned,632.0
306,Company_0306,2024-11,logistics,1-10,active,professional,79,158,2,79.0,79,2024-11,2024-12,0,0,0,0,new,632.0
314,Company_0314,2024-11,real estate,1000+,active,professional,79,158,2,79.0,79,2024-11,2024-12,0,0,0,0,new,632.0
367,Company_0367,2024-11,healthcare,11-50,active,professional,79,158,2,79.0,79,2024-11,2024-12,0,0,0,0,new,632.0
370,Company_0370,2022-03,manufacturing,11-50,churned,professional,79,632,9,70.22222222222223,79,2022-03,2022-11,0,0,1,0,churned,632.0
374,Company_0374,2024-02,retail,51-200,churned,professional,79,632,9,70.22222222222223,79,2024-02,2024-10,0,0,1,0,churned,632.0
398,Company_0398,2023-06,manufacturing,51-200,churned,professional,79,632,9,70.22222222222223,79,2023-06,2024-02,0,0,1,0,churned,632.0
461,Company_0461,2022-05,real estate,1-10,churned,professional,79,632,9,70.22222222222223,79,2022-05,2023-01,0,0,1,0,churned,632.0
499,Company_0499,2024-11,manufacturing,1-10,active,professional,79,158,2,79.0,79,2024-11,2024-12,0,0,0,0,new,632.0
523,Company_0523,2024-11,logistics,11-50,active,professional,79,158,2,79.0,79,2024-11,2024-12,0,0,0,0,new,632.0
666,Company_0666,2022-07,media,201-500,churned,professional,79,632,9,70.22222222222223,79,2022-07,2023-03,0,0,1,0,churned,632.0
718,Company_0718,2024-11,manufacturing,201-500,active,professional,79,158,2,79.0,79,2024-11,2024-12,0,0,0,0,new,632.0
789,Company_0789,2023-07,healthcare,11-50,churned,professional,79,632,9,70.22222222222223,79,2023-07,2024-03,0,0,1,0,churned,632.0
363,Company_0363,2023-07,real estate,501-1000,active,starter,29,464,17,27.294117647058822,29,2023-07,2024-12,0,0,1,1,stable,627.7647058823529
658,Company_0658,2023-03,finance,201-500,churned,starter,29,609,22,27.681818181818183,29,2023-03,2024-12,0,0,1,0,churned,609.0
30,Company_0030,2022-02,technology,11-50,churned,business,199,597,4,149.25,199,2022-02,2022-05,0,0,1,0,churned,597.0
59,Company_0059,2022-02,real estate,201-500,churned,business,199,597,4,149.25,199,2022-02,2022-05,0,0,1,0,churned,597.0
245,Company_0245,2022-01,logistics,11-50,churned,business,199,597,4,149.25,199,2022-01,2022-04,0,0,1,0,churned,597.0
286,Company_0286,2022-02,education,501-1000,churned,business,199,597,4,149.25,199,2022-02,2022-05,0,0,1,0,churned,597.0
347,Company_0347,2024-01,real estate,501-1000,active,professional,79,398,12,33.166666666666664,79,2024-01,2024-12,1,0,0,0,champion,597.0
409,Company_0409,2024-09,real estate,1-10,churned,business,199,597,4,149.25,199,2024-09,2024-12,0,0,1,0,churned,597.0
607,Company_0607,2022-09,manufacturing,201-500,churned,business,199,597,4,149.25,199,2022-09,2022-12,0,0,1,0,churned,597.0
660,Company_0660,2023-11,finance,11-50,churned,business,199,597,4,149.25,199,2023-11,2024-02,0,0,1,0,churned,597.0
693,Company_0693,2023-09,logistics,1-10,churned,business,199,597,4,149.25,199,2023-09,2023-12,0,0,1,0,churned,597.0
697,Company_0697,2023-01,manufacturing,11-50,churned,business,199,597,4,149.25,199,2023-01,2023-04,0,0,1,0,churned,597.0
780,Company_0780,2024-01,consulting,51-200,churned,business,199,597,4,149.25,199,2024-01,2024-04,0,0,1,0,churned,597.0
798,Company_0798,2023-11,education,51-200,churned,business,199,597,4,149.25,199,2023-11,2024-02,0,0,1,0,churned,597.0
543,Company_0543,2022-10,logistics,1-10,churned,professional,79,585,17,34.411764705882355,79,2022-10,2024-03,1,0,2,1,churned,585.0
443,Company_0443,2023-04,technology,201-500,churned,starter,29,580,21,27.61904761904762,29,2023-04,2024-12,0,0,1,0,churned,580.0
698,Company_0698,2023-11,education,11-50,active,starter,29,406,14,29.0,29,2023-11,2024-12,0,0,0,0,stable,580.0
577,Company_0577,2022-07,consulting,501-1000,churned,professional,79,569,12,47.416666666666664,79,2022-07,2023-06,1,0,1,0,churned,569.0
256,Company_0256,2023-10,retail,51-200,active,starter,29,406,15,27.066666666666666,29,2023-10,2024-12,0,0,1,1,stable,568.4
655,Company_0655,2023-06,manufacturing,51-200,churned,starter,29,564,17,33.1764705882353,79,2023-06,2024-10,0,1,1,0,churned,564.0
169,Company_0169,2022-02,logistics,51-200,churned,starter,29,561,10,56.1,79,2022-02,2022-11,0,1,1,0,churned,561.0
138,Company_0138,2024-03,finance,501-1000,churned,professional,79,556,7,79.42857142857143,199,2024-03,2024-12,0,0,3,2,churned,556.0
332,Company_0332,2024-05,healthcare,51-200,churned,professional,79,553,8,69.125,79,2024-05,2024-12,0,0,1,0,churned,553.0
357,Company_0357,2022-01,technology,201-500,churned,professional,79,553,8,69.125,79,2022-01,2022-08,0,0,1,0,churned,553.0
391,Company_0391,2024-12,education,51-200,active,professional,79,79,1,79.0,79,2024-12,2024-12,0,0,0,0,new,553.0
400,Company_0400,2024-05,real estate,1000+,churned,professional,79,553,8,69.125,79,2024-05,2024-12,0,0,1,0,churned,553.0
427,Company_0427,2023-06,real estate,1-10,churned,professional,79,553,8,69.125,79,2023-06,2024-01,0,0,1,0,churned,553.0
476,Company_0476,2024-12,logistics,51-200,active,professional,79,79,1,79.0,79,2024-12,2024-12,0,0,0,0,new,553.0
532,Company_0532,2024-12,media,51-200,active,professional,79,79,1,79.0,79,2024-12,2024-12,0,0,0,0,new,553.0
533,Company_0533,2024-12,technology,11-50,active,professional,79,79,1,79.0,79,2024-12,2024-12,0,0,0,0,new,553.0
706,Company_0706,2024-12,consulting,51-200,active,professional,79,79,1,79.0,79,2024-12,2024-12,0,0,0,0,new,553.0
714,Company_0714,2023-05,education,1-10,churned,professional,79,553,8,69.125,79,2023-05,2023-12,0,0,1,0,churned,553.0
751,Company_0751,2022-05,education,201-500,churned,professional,79,553,8,69.125,79,2022-05,2022-12,0,0,1,0,churned,553.0
766,Company_0766,2023-11,real estate,1-10,churned,professional,79,553,8,69.125,79,2023-11,2024-06,0,0,1,0,churned,553.0
647,Company_0647,2023-12,healthcare,1-10,active,starter,29,377,13,29.0,29,2023-12,2024-12,0,0,0,0,stable,551.0
681,Company_0681,2024-07,finance,11-50,active,starter,29,274,6,45.666666666666664,79,2024-07,2024-12,0,1,0,0,at_risk,548.0
54,Company_0054,2024-09,consulting,501-1000,active,starter,29,216,4,54.0,79,2024-09,2024-12,0,1,0,0,at_risk,540.0
724,Company_0724,2024-04,logistics,501-1000,churned,starter,29,532,9,59.111111111111114,79,2024-04,2024-12,0,1,1,0,churned,532.0
20,Company_0020,2023-01,technology,51-200,churned,starter,29,522,19,27.473684210526315,29,2023-01,2024-07,0,0,1,0,churned,522.0
350,Company_0350,2024-01,media,1-10,active,starter,29,348,12,29.0,29,2024-01,2024-12,0,0,0,0,stable,522.0
356,Company_0356,2024-01,real estate,1-10,active,starter,29,348,12,29.0,29,2024-01,2024-12,0,0,0,0,stable,522.0
108,Company_0108,2024-05,healthcare,1-10,active,professional,79,282,8,35.25,79,2024-05,2024-12,1,0,0,0,stable,493.5
39,Company_0039,2024-02,finance,51-200,active,starter,29,319,11,29.0,29,2024-02,2024-12,0,0,0,0,stable,493.0
213,Company_0213,2024-02,logistics,51-200,active,starter,29,319,11,29.0,29,2024-02,2024-12,0,0,0,0,stable,493.0
355,Company_0355,2022-03,manufacturing,501-1000,churned,starter,29,493,18,27.38888888888889,29,2022-03,2023-08,0,0,1,0,churned,493.0
462,Company_0462,2024-02,healthcare,1-10,active,starter,29,319,11,29.0,29,2024-02,2024-12,0,0,0,0,stable,493.0
710,Company_0710,2024-02,healthcare,11-50,active,starter,29,319,11,29.0,29,2024-02,2024-12,0,0,0,0,stable,493.0
378,Company_0378,2022-01,education,51-200,churned,starter,29,485,16,30.3125,79,2022-01,2023-04,1,1,1,0,churned,485.0
304,Company_0304,2024-01,media,501-1000,active,starter,29,319,12,26.583333333333332,29,2024-01,2024-12,0,0,1,1,stable,478.5
525,Company_0525,2024-07,manufacturing,11-50,active,starter,29,216,5,43.2,79,2024-07,2024-12,0,0,1,1,new,475.20000000000005
76,Company_0076,2024-04,healthcare,1-10,churned,professional,79,474,7,67.71428571428571,79,2024-04,2024-10,0,0,1,0,churned,474.0
182,Company_0182,2022-05,healthcare,201-500,churned,professional,79,474,7,67.71428571428571,79,2022-05,2022-11,0,0,1,0,churned,474.0
386,Company_0386,2024-06,media,11-50,churned,professional,79,474,7,67.71428571428571,79,2024-06,2024-12,0,0,1,0,churned,474.0
695,Company_0695,2022-05,manufacturing,1000+,churned,professional,79,474,7,67.71428571428571,79,2022-05,2022-11,0,0,1,0,churned,474.0
760,Company_0760,2024-06,retail,201-500,churned,professional,79,474,7,67.71428571428571,79,2024-06,2024-12,0,0,1,0,churned,474.0
781,Company_0781,2024-03,consulting,51-200,churned,professional,79,474,7,67.71428571428571,79,2024-03,2024-09,0,0,1,0,churned,474.0
114,Company_0114,2024-06,education,51-200,active,professional,79,253,7,36.142857142857146,79,2024-06,2024-12,1,0,0,0,stable,469.8571428571429
624,Company_0624,2023-08,real estate,501-1000,churned,starter,29,469,12,39.083333333333336,79,2023-08,2024-07,0,1,1,0,churned,469.0
258,Company_0258,2024-03,healthcare,11-50,active,starter,29,290,10,29.0,29,2024-03,2024-12,0,0,0,0,stable,464.0
338,Company_0338,2024-03,consulting,201-500,active,starter,29,290,10,29.0,29,2024-03,2024-12,0,0,0,0,stable,464.0
425,Company_0425,2022-02,manufacturing,1-10,churned,starter,29,464,19,24.42105263157895,29,2022-02,2023-10,0,0,3,2,churned,464.0
436,Company_0436,2024-03,technology,1-10,active,starter,29,290,10,29.0,29,2024-03,2024-12,0,0,0,0,stable,464.0
439,Company_0439,2024-03,media,51-200,active,starter,29,290,10,29.0,29,2024-03,2024-12,0,0,0,0,stable,464.0
561,Company_0561,2024-03,logistics,1-10,active,starter,29,290,10,29.0,29,2024-03,2024-12,0,0,0,0,stable,464.0
18,Company_0018,2023-09,logistics,501-1000,churned,starter,29,435,16,27.1875,29,2023-09,2024-12,0,0,1,0,churned,435.0
389,Company_0389,2024-04,retail,51-200,active,starter,29,261,9,29.0,29,2024-04,2024-12,0,0,0,0,stable,435.0
62,Company_0062,2023-01,education,51-200,churned,professional,79,427,14,30.5,79,2023-01,2024-02,1,0,1,0,churned,427.0
432,Company_0432,2024-05,retail,11-50,active,starter,29,232,8,29.0,29,2024-05,2024-12,0,0,0,0,stable,406.0
549,Company_0549,2023-09,manufacturing,11-50,churned,starter,29,406,15,27.066666666666666,29,2023-09,2024-11,0,0,1,0,churned,406.0
618,Company_0618,2023-01,media,1000+,churned,starter,29,406,15,27.066666666666666,29,2023-01,2024-03,0,0,1,0,churned,406.0
173,Company_0173,2023-09,consulting,51-200,churned,starter,29,403,8,50.375,79,2023-09,2024-04,0,1,1,0,churned,403.0
9,Company_0009,2023-12,logistics,11-50,churned,business,199,398,3,132.66666666666666,199,2023-12,2024-02,0,0,1,0,churned,398.0
105,Company_0105,2024-09,manufacturing,11-50,churned,business,199,398,3,132.66666666666666,199,2024-09,2024-11,0,0,1,0,churned,398.0
473,Company_0473,2022-02,healthcare,201-500,churned,business,199,398,3,132.66666666666666,199,2022-02,2022-04,0,0,1,0,churned,398.0
498,Company_0498,2022-03,finance,201-500,churned,business,199,398,3,132.66666666666666,199,2022-03,2022-05,0,0,1,0,churned,398.0
625,Company_0625,2024-01,manufacturing,1000+,churned,business,199,398,3,132.66666666666666,199,2024-01,2024-03,0,0,1,0,churned,398.0
723,Company_0723,2022-03,real estate,51-200,churned,business,199,398,3,132.66666666666666,199,2022-03,2022-05,0,0,1,0,churned,398.0
71,Company_0071,2024-05,manufacturing,1-10,churned,professional,79,395,6,65.83333333333333,79,2024-05,2024-10,0,0,1,0,churned,395.0
218,Company_0218,2024-04,education,201-500,churned,professional,79,395,6,65.83333333333333,79,2024-04,2024-09,0,0,1,0,churned,395.0
237,Company_0237,2023-01,technology,11-50,churned,professional,79,395,6,65.83333333333333,79,2023-01,2023-06,0,0,1,0,churned,395.0
700,Company_0700,2023-08,logistics,11-50,churned,professional,79,395,7,56.42857142857143,79,2023-08,2024-04,0,0,2,1,churned,395.0
738,Company_0738,2024-07,retail,1-10,churned,professional,79,395,6,65.83333333333333,79,2024-07,2024-12,0,0,1,0,churned,395.0
753,Company_0753,2024-01,consulting,501-1000,churned,professional,79,395,6,65.83333333333333,79,2024-01,2024-06,0,0,1,0,churned,395.0
271,Company_0271,2024-06,consulting,1-10,active,starter,29,203,7,29.0,29,2024-06,2024-12,0,0,0,0,stable,377.0
280,Company_0280,2024-06,technology,11-50,active,starter,29,203,7,29.0,29,2024-06,2024-12,0,0,0,0,stable,377.0
381,Company_0381,2022-06,education,51-200,churned,starter,29,377,14,26.928571428571427,29,2022-06,2023-07,0,0,1,0,churned,377.0
390,Company_0390,2024-06,retail,51-200,active,starter,29,203,7,29.0,29,2024-06,2024-12,0,0,0,0,stable,377.0
421,Company_0421,2024-06,technology,51-200,active,starter,29,203,7,29.0,29,2024-06,2024-12,0,0,0,0,stable,377.0
63,Company_0063,2024-07,media,1000+,active,starter,29,174,6,29.0,29,2024-07,2024-12,0,0,0,0,stable,348.0
166,Company_0166,2024-07,logistics,51-200,active,starter,29,174,6,29.0,29,2024-07,2024-12,0,0,0,0,stable,348.0
223,Company_0223,2022-04,technology,201-500,churned,starter,29,348,13,26.76923076923077,29,2022-04,2023-04,0,0,1,0,churned,348.0
285,Company_0285,2023-11,media,51-200,churned,starter,29,348,13,26.76923076923077,29,2023-11,2024-11,0,0,1,0,churned,348.0
404,Company_0404,2024-07,consulting,11-50,active,starter,29,174,6,29.0,29,2024-07,2024-12,0,0,0,0,stable,348.0
438,Company_0438,2024-07,finance,11-50,active,starter,29,174,6,29.0,29,2024-07,2024-12,0,0,0,0,stable,348.0
735,Company_0735,2023-03,technology,51-200,churned,starter,29,345,6,57.5,79,2023-03,2023-08,0,1,1,0,churned,345.0
769,Company_0769,2023-02,real estate,51-200,churned,professional,79,332,9,36.888888888888886,79,2023-02,2023-10,1,0,1,0,churned,332.0
160,Company_0160,2024-04,manufacturing,51-200,churned,professional,79,324,8,40.5,79,2024-04,2024-12,1,0,2,1,churned,324.0
784,Company_0784,2023-03,finance,1-10,churned,starter,29,324,8,40.5,79,2023-03,2023-10,0,1,2,1,churned,324.0
619,Company_0619,2024-06,real estate,11-50,active,starter,29,174,7,24.857142857142858,29,2024-06,2024-12,0,0,1,1,stable,323.1428571428571
524,Company_0524,2024-08,logistics,11-50,active,starter,29,145,5,29.0,29,2024-08,2024-12,0,0,0,0,new,319.0
736,Company_0736,2024-08,consulting,51-200,active,starter,29,145,5,29.0,29,2024-08,2024-12,0,0,0,0,new,319.0
27,Company_0027,2022-09,consulting,201-500,churned,professional,79,316,5,63.2,79,2022-09,2023-01,0,0,1,0,churned,316.0
81,Company_0081,2024-08,retail,11-50,churned,professional,79,316,5,63.2,79,2024-08,2024-12,0,0,1,0,churned,316.0
239,Company_0239,2024-01,manufacturing,1-10,churned,professional,79,316,5,63.2,79,2024-01,2024-05,0,0,1,0,churned,316.0
372,Company_0372,2022-01,finance,11-50,churned,professional,79,316,5,63.2,79,2022-01,2022-05,0,0,1,0,churned,316.0
440,Company_0440,2022-04,healthcare,51-200,churned,professional,79,316,5,63.2,79,2022-04,2022-08,0,0,1,0,churned,316.0
450,Company_0450,2022-04,education,51-200,churned,professional,79,316,5,63.2,79,2022-04,2022-08,0,0,1,0,churned,316.0
455,Company_0455,2022-05,consulting,201-500,churned,professional,79,316,5,63.2,79,2022-05,2022-09,0,0,1,0,churned,316.0
502,Company_0502,2023-09,consulting,201-500,churned,professional,79,316,5,63.2,79,2023-09,2024-01,0,0,1,0,churned,316.0
550,Company_0550,2024-05,media,1-10,churned,professional,79,316,5,63.2,79,2024-05,2024-09,0,0,1,0,churned,316.0
552,Company_0552,2024-08,manufacturing,201-500,churned,professional,79,316,5,63.2,79,2024-08,2024-12,0,0,1,0,churned,316.0
553,Company_0553,2023-10,consulting,1-10,churned,professional,79,316,5,63.2,79,2023-10,2024-02,0,0,1,0,churned,316.0
574,Company_0574,2024-01,logistics,1-10,churned,professional,79,316,5,63.2,79,2024-01,2024-05,0,0,1,0,churned,316.0
594,Company_0594,2023-03,technology,11-50,churned,professional,79,316,5,63.2,79,2023-03,2023-07,0,0,1,0,churned,316.0
635,Company_0635,2022-05,education,51-200,churned,professional,79,316,5,63.2,79,2022-05,2022-09,0,0,1,0,churned,316.0
643,Company_0643,2022-09,real estate,501-1000,churned,professional,79,316,5,63.2,79,2022-09,2023-01,0,0,1,0,churned,316.0
665,Company_0665,2022-05,real estate,51-200,churned,professional,79,316,5,63.2,79,2022-05,2022-09,0,0,1,0,churned,316.0
683,Company_0683,2022-08,technology,201-500,churned,professional,79,316,5,63.2,79,2022-08,2022-12,0,0,1,0,churned,316.0
699,Company_0699,2022-07,healthcare,1-10,churned,professional,79,316,5,63.2,79,2022-07,2022-11,0,0,1,0,churned,316.0
312,Company_0312,2022-03,real estate,501-1000,churned,starter,29,290,11,26.363636363636363,29,2022-03,2023-01,0,0,1,0,churned,290.0
800,Company_0800,2024-09,retail,1000+,active,starter,29,116,4,29.0,29,2024-09,2024-12,0,0,0,0,new,290.0
257,Company_0257,2024-10,real estate,11-50,active,starter,29,87,3,29.0,29,2024-10,2024-12,0,0,0,0,new,261.0
359,Company_0359,2024-10,education,11-50,active,starter,29,87,3,29.0,29,2024-10,2024-12,0,0,0,0,new,261.0
396,Company_0396,2024-10,manufacturing,201-500,active,starter,29,87,3,29.0,29,2024-10,2024-12,0,0,0,0,new,261.0
489,Company_0489,2024-10,technology,51-200,active,starter,29,87,3,29.0,29,2024-10,2024-12,0,0,0,0,new,261.0
609,Company_0609,2023-09,healthcare,201-500,churned,starter,29,261,10,26.1,29,2023-09,2024-06,0,0,1,0,churned,261.0
685,Company_0685,2024-10,logistics,11-50,active,starter,29,87,3,29.0,29,2024-10,2024-12,0,0,0,0,new,261.0
716,Company_0716,2024-10,logistics,51-200,active,starter,29,87,3,29.0,29,2024-10,2024-12,0,0,0,0,new,261.0
719,Company_0719,2022-06,consulting,501-1000,churned,starter,29,261,11,23.727272727272727,29,2022-06,2023-04,0,0,2,1,churned,261.0
265,Company_0265,2024-08,manufacturing,1-10,active,starter,29,116,5,23.2,29,2024-08,2024-12,0,0,1,1,new,255.2
768,Company_0768,2024-08,finance,11-50,active,starter,29,116,5,23.2,29,2024-08,2024-12,0,0,1,1,new,255.2
32,Company_0032,2022-08,retail,501-1000,churned,professional,79,237,4,59.25,79,2022-08,2022-11,0,0,1,0,churned,237.0
120,Company_0120,2023-10,logistics,11-50,churned,professional,79,237,4,59.25,79,2023-10,2024-01,0,0,1,0,churned,237.0
136,Company_0136,2023-02,logistics,201-500,churned,professional,79,237,4,59.25,79,2023-02,2023-05,0,0,1,0,churned,237.0
152,Company_0152,2022-11,technology,1-10,churned,professional,79,237,4,59.25,79,2022-11,2023-02,0,0,1,0,churned,237.0
193,Company_0193,2024-09,retail,201-500,churned,professional,79,237,4,59.25,79,2024-09,2024-12,0,0,1,0,churned,237.0
236,Company_0236,2024-04,healthcare,201-500,churned,professional,79,237,4,59.25,79,2024-04,2024-07,0,0,1,0,churned,237.0
346,Company_0346,2024-01,consulting,201-500,churned,professional,79,237,4,59.25,79,2024-01,2024-04,0,0,1,0,churned,237.0
353,Company_0353,2024-02,finance,51-200,churned,professional,79,237,4,59.25,79,2024-02,2024-05,0,0,1,0,churned,237.0
375,Company_0375,2022-03,finance,11-50,churned,professional,79,237,4,59.25,79,2022-03,2022-06,0,0,1,0,churned,237.0
399,Company_0399,2024-04,finance,11-50,churned,professional,79,237,4,59.25,79,2024-04,2024-07,0,0,1,0,churned,237.0
424,Company_0424,2023-08,manufacturing,51-200,churned,professional,79,237,4,59.25,79,2023-08,2023-11,0,0,1,0,churned,237.0
426,Company_0426,2023-10,retail,1000+,churned,professional,79,237,4,59.25,79,2023-10,2024-01,0,0,1,0,churned,237.0
506,Company_0506,2022-08,media,51-200,churned,professional,79,237,4,59.25,79,2022-08,2022-11,0,0,1,0,churned,237.0
571,Company_0571,2023-09,real estate,51-200,churned,professional,79,237,4,59.25,79,2023-09,2023-12,0,0,1,0,churned,237.0
649,Company_0649,2024-06,healthcare,11-50,churned,professional,79,237,4,59.25,79,2024-06,2024-09,0,0,1,0,churned,237.0
691,Company_0691,2023-02,technology,11-50,churned,professional,79,237,4,59.25,79,2023-02,2023-05,0,0,1,0,churned,237.0
755,Company_0755,2022-07,consulting,11-50,churned,professional,79,237,4,59.25,79,2022-07,2022-10,0,0,1,0,churned,237.0
140,Company_0140,2024-11,media,201-500,active,starter,29,58,2,29.0,29,2024-11,2024-12,0,0,0,0,new,232.0
325,Company_0325,2024-11,real estate,51-200,active,starter,29,58,2,29.0,29,2024-11,2024-12,0,0,0,0,new,232.0
387,Company_0387,2023-01,technology,501-1000,churned,starter,29,232,9,25.77777777777778,29,2023-01,2023-09,0,0,1,0,churned,232.0
470,Company_0470,2024-11,consulting,11-50,active,starter,29,58,2,29.0,29,2024-11,2024-12,0,0,0,0,new,232.0
472,Company_0472,2024-11,manufacturing,201-500,active,starter,29,58,2,29.0,29,2024-11,2024-12,0,0,0,0,new,232.0
478,Company_0478,2023-10,education,1-10,churned,starter,29,232,10,23.2,29,2023-10,2024-09,0,0,2,1,churned,232.0
479,Company_0479,2024-11,education,501-1000,active,starter,29,58,2,29.0,29,2024-11,2024-12,0,0,0,0,new,232.0
482,Company_0482,2024-03,finance,201-500,churned,starter,29,232,9,25.77777777777778,29,2024-03,2024-11,0,0,1,0,churned,232.0
495,Company_0495,2023-07,education,1-10,churned,starter,29,232,9,25.77777777777778,29,2023-07,2024-03,0,0,1,0,churned,232.0
551,Company_0551,2023-09,healthcare,11-50,churned,starter,29,232,9,25.77777777777778,29,2023-09,2024-05,0,0,1,0,churned,232.0
702,Company_0702,2022-02,manufacturing,11-50,churned,starter,29,232,9,25.77777777777778,29,2022-02,2022-10,0,0,1,0,churned,232.0
448,Company_0448,2024-05,healthcare,501-1000,churned,starter,29,216,5,43.2,79,2024-05,2024-09,0,1,1,0,churned,216.0
95,Company_0095,2024-05,technology,201-500,churned,starter,29,203,8,25.375,29,2024-05,2024-12,0,0,1,0,churned,203.0
155,Company_0155,2024-12,healthcare,11-50,active,starter,29,29,1,29.0,29,2024-12,2024-12,0,0,0,0,new,203.0
334,Company_0334,2022-05,education,51-200,churned,starter,29,203,8,25.375,29,2022-05,2022-12,0,0,1,0,churned,203.0
442,Company_0442,2024-12,real estate,51-200,active,starter,29,29,1,29.0,29,2024-12,2024-12,0,0,0,0,new,203.0
582,Company_0582,2024-12,media,1-10,active,starter,29,29,1,29.0,29,2024-12,2024-12,0,0,0,0,new,203.0
662,Company_0662,2024-12,manufacturing,51-200,active,starter,29,29,1,29.0,29,2024-12,2024-12,0,0,0,0,new,203.0
676,Company_0676,2024-12,education,201-500,active,starter,29,29,1,29.0,29,2024-12,2024-12,0,0,0,0,new,203.0
763,Company_0763,2022-11,retail,11-50,churned,starter,29,203,8,25.375,29,2022-11,2023-06,0,0,1,0,churned,203.0
794,Company_0794,2024-01,technology,11-50,churned,starter,29,203,9,22.555555555555557,29,2024-01,2024-10,0,0,2,1,churned,203.0
208,Company_0208,2024-02,real estate,11-50,churned,business,199,199,2,99.5,199,2024-02,2024-03,0,0,1,0,churned,199.0
230,Company_0230,2024-01,education,1-10,churned,business,199,199,2,99.5,199,2024-01,2024-02,0,0,1,0,churned,199.0
335,Company_0335,2022-02,media,201-500,churned,business,199,199,2,99.5,199,2022-02,2022-03,0,0,1,0,churned,199.0
633,Company_0633,2023-09,manufacturing,11-50,churned,business,199,199,2,99.5,199,2023-09,2023-10,0,0,1,0,churned,199.0
689,Company_0689,2024-05,real estate,11-50,churned,business,199,199,2,99.5,199,2024-05,2024-06,0,0,1,0,churned,199.0
79,Company_0079,2023-03,healthcare,1-10,churned,starter,29,174,7,24.857142857142858,29,2023-03,2023-09,0,0,1,0,churned,174.0
85,Company_0085,2023-02,consulting,1-10,churned,starter,29,174,7,24.857142857142858,29,2023-02,2023-08,0,0,1,0,churned,174.0
278,Company_0278,2024-02,healthcare,201-500,churned,starter,29,174,7,24.857142857142858,29,2024-02,2024-08,0,0,1,0,churned,174.0
586,Company_0586,2022-11,manufacturing,201-500,churned,starter,29,174,7,24.857142857142858,29,2022-11,2023-05,0,0,1,0,churned,174.0
779,Company_0779,2024-03,manufacturing,11-50,churned,starter,29,174,7,24.857142857142858,29,2024-03,2024-09,0,0,1,0,churned,174.0
776,Company_0776,2022-07,real estate,11-50,churned,professional,79,166,5,33.2,79,2022-07,2022-11,1,0,1,0,churned,166.0
14,Company_0014,2022-09,manufacturing,201-500,churned,professional,79,158,3,52.666666666666664,79,2022-09,2022-11,0,0,1,0,churned,158.0
46,Company_0046,2024-02,consulting,201-500,churned,professional,79,158,3,52.666666666666664,79,2024-02,2024-04,0,0,1,0,churned,158.0
96,Company_0096,2023-08,technology,51-200,churned,professional,79,158,3,52.666666666666664,79,2023-08,2023-10,0,0,1,0,churned,158.0
99,Company_0099,2022-01,logistics,1-10,churned,professional,79,158,3,52.666666666666664,79,2022-01,2022-03,0,0,1,0,churned,158.0
113,Company_0113,2024-10,real estate,201-500,churned,professional,79,158,3,52.666666666666664,79,2024-10,2024-12,0,0,1,0,churned,158.0
179,Company_0179,2024-10,logistics,11-50,churned,professional,79,158,3,52.666666666666664,79,2024-10,2024-12,0,0,1,0,churned,158.0
210,Company_0210,2022-08,media,201-500,churned,professional,79,158,3,52.666666666666664,79,2022-08,2022-10,0,0,1,0,churned,158.0
277,Company_0277,2024-06,education,501-1000,churned,professional,79,158,3,52.666666666666664,79,2024-06,2024-08,0,0,1,0,churned,158.0
279,Company_0279,2024-03,real estate,1-10,churned,professional,79,158,3,52.666666666666664,79,2024-03,2024-05,0,0,1,0,churned,158.0
290,Company_0290,2023-12,healthcare,11-50,churned,professional,79,158,3,52.666666666666664,79,2023-12,2024-02,0,0,1,0,churned,158.0
326,Company_0326,2024-04,technology,11-50,churned,professional,79,158,3,52.666666666666664,79,2024-04,2024-06,0,0,1,0,churned,158.0
413,Company_0413,2024-10,finance,1-10,churned,professional,79,158,3,52.666666666666664,79,2024-10,2024-12,0,0,1,0,churned,158.0
505,Company_0505,2024-02,healthcare,501-1000,churned,professional,79,158,3,52.666666666666664,79,2024-02,2024-04,0,0,1,0,churned,158.0
585,Company_0585,2024-01,healthcare,201-500,churned,professional,79,158,3,52.666666666666664,79,2024-01,2024-03,0,0,1,0,churned,158.0
628,Company_0628,2024-04,media,1-10,churned,professional,79,158,3,52.666666666666664,79,2024-04,2024-06,0,0,1,0,churned,158.0
684,Company_0684,2024-02,healthcare,1-10,churned,professional,79,158,3,52.666666666666664,79,2024-02,2024-04,0,0,1,0,churned,158.0
783,Company_0783,2022-11,real estate,51-200,churned,professional,79,158,3,52.666666666666664,79,2022-11,2023-01,0,0,1,0,churned,158.0
200,Company_0200,2024-05,media,11-50,churned,starter,29,145,6,24.166666666666668,29,2024-05,2024-10,0,0,1,0,churned,145.0
414,Company_0414,2023-11,education,1000+,churned,starter,29,145,6,24.166666666666668,29,2023-11,2024-04,0,0,1,0,churned,145.0
463,Company_0463,2024-04,manufacturing,201-500,churned,starter,29,145,6,24.166666666666668,29,2024-04,2024-09,0,0,1,0,churned,145.0
529,Company_0529,2022-02,real estate,1-10,churned,starter,29,145,6,24.166666666666668,29,2022-02,2022-07,0,0,1,0,churned,145.0
566,Company_0566,2023-12,education,201-500,churned,starter,29,145,6,24.166666666666668,29,2023-12,2024-05,0,0,1,0,churned,145.0
636,Company_0636,2023-07,technology,1-10,churned,starter,29,145,7,20.714285714285715,29,2023-07,2024-02,0,0,2,1,churned,145.0
648,Company_0648,2024-02,real estate,51-200,churned,starter,29,145,6,24.166666666666668,29,2024-02,2024-07,0,0,1,0,churned,145.0
19,Company_0019,2023-06,logistics,11-50,churned,starter,29,116,5,23.2,29,2023-06,2023-10,0,0,1,0,churned,116.0
45,Company_0045,2022-12,technology,51-200,churned,starter,29,116,5,23.2,29,2022-12,2023-04,0,0,1,0,churned,116.0
69,Company_0069,2022-03,technology,1-10,churned,starter,29,116,5,23.2,29,2022-03,2022-07,0,0,1,0,churned,116.0
124,Company_0124,2022-05,education,1-10,churned,starter,29,116,5,23.2,29,2022-05,2022-09,0,0,1,0,churned,116.0
202,Company_0202,2022-04,media,11-50,churned,starter,29,116,5,23.2,29,2022-04,2022-08,0,0,1,0,churned,116.0
219,Company_0219,2024-02,media,11-50,churned,starter,29,116,5,23.2,29,2024-02,2024-06,0,0,1,0,churned,116.0
220,Company_0220,2024-08,real estate,1-10,churned,starter,29,116,5,23.2,29,2024-08,2024-12,0,0,1,0,churned,116.0
232,Company_0232,2023-09,media,501-1000,churned,starter,29,116,5,23.2,29,2023-09,2024-01,0,0,1,0,churned,116.0
240,Company_0240,2022-08,real estate,1-10,churned,starter,29,116,5,23.2,29,2022-08,2022-12,0,0,1,0,churned,116.0
253,Company_0253,2024-08,education,51-200,churned,starter,29,116,5,23.2,29,2024-08,2024-12,0,0,1,0,churned,116.0
255,Company_0255,2022-08,media,51-200,churned,starter,29,116,5,23.2,29,2022-08,2022-12,0,0,1,0,churned,116.0
260,Company_0260,2022-04,manufacturing,51-200,churned,starter,29,116,5,23.2,29,2022-04,2022-08,0,0,1,0,churned,116.0
352,Company_0352,2024-08,media,11-50,churned,starter,29,116,5,23.2,29,2024-08,2024-12,0,0,1,0,churned,116.0
397,Company_0397,2024-08,retail,1-10,churned,starter,29,116,5,23.2,29,2024-08,2024-12,0,0,1,0,churned,116.0
548,Company_0548,2024-02,healthcare,51-200,churned,starter,29,116,5,23.2,29,2024-02,2024-06,0,0,1,0,churned,116.0
638,Company_0638,2022-11,finance,1000+,churned,starter,29,116,5,23.2,29,2022-11,2023-03,0,0,1,0,churned,116.0
653,Company_0653,2023-12,healthcare,51-200,churned,starter,29,116,5,23.2,29,2023-12,2024-04,0,0,1,0,churned,116.0
664,Company_0664,2022-11,healthcare,11-50,churned,starter,29,116,5,23.2,29,2022-11,2023-03,0,0,1,0,churned,116.0
696,Company_0696,2024-01,manufacturing,51-200,churned,starter,29,116,5,23.2,29,2024-01,2024-05,0,0,1,0,churned,116.0
701,Company_0701,2023-09,finance,201-500,churned,starter,29,116,5,23.2,29,2023-09,2024-01,0,0,1,0,churned,116.0
732,Company_0732,2024-07,education,201-500,churned,starter,29,116,5,23.2,29,2024-07,2024-11,0,0,1,0,churned,116.0
778,Company_0778,2024-04,education,51-200,churned,starter,29,116,5,23.2,29,2024-04,2024-08,0,0,1,0,churned,116.0
788,Company_0788,2023-05,manufacturing,1-10,churned,starter,29,116,5,23.2,29,2023-05,2023-09,0,0,1,0,churned,116.0
87,Company_0087,2024-04,retail,11-50,churned,starter,29,87,4,21.75,29,2024-04,2024-07,0,0,1,0,churned,87.0
131,Company_0131,2023-06,media,1-10,churned,starter,29,87,4,21.75,29,2023-06,2023-09,0,0,1,0,churned,87.0
214,Company_0214,2022-10,healthcare,51-200,churned,starter,29,87,4,21.75,29,2022-10,2023-01,0,0,1,0,churned,87.0
217,Company_0217,2023-02,manufacturing,11-50,churned,starter,29,87,4,21.75,29,2023-02,2023-05,0,0,1,0,churned,87.0
276,Company_0276,2023-08,real estate,11-50,churned,starter,29,87,4,21.75,29,2023-08,2023-11,0,0,1,0,churned,87.0
315,Company_0315,2024-07,manufacturing,11-50,churned,starter,29,87,4,21.75,29,2024-07,2024-10,0,0,1,0,churned,87.0
377,Company_0377,2024-08,technology,501-1000,churned,starter,29,87,4,21.75,29,2024-08,2024-11,0,0,1,0,churned,87.0
383,Company_0383,2024-01,real estate,1-10,churned,starter,29,87,4,21.75,29,2024-01,2024-04,0,0,1,0,churned,87.0
422,Company_0422,2024-06,real estate,11-50,churned,starter,29,87,4,21.75,29,2024-06,2024-09,0,0,1,0,churned,87.0
493,Company_0493,2023-01,manufacturing,11-50,churned,starter,29,87,4,21.75,29,2023-01,2023-04,0,0,1,0,churned,87.0
508,Company_0508,2024-07,technology,1000+,churned,starter,29,87,4,21.75,29,2024-07,2024-10,0,0,1,0,churned,87.0
540,Company_0540,2022-06,consulting,51-200,churned,starter,29,87,4,21.75,29,2022-06,2022-09,0,0,1,0,churned,87.0
544,Company_0544,2024-02,manufacturing,1-10,churned,starter,29,87,4,21.75,29,2024-02,2024-05,0,0,1,0,churned,87.0
557,Company_0557,2022-06,retail,11-50,churned,starter,29,87,4,21.75,29,2022-06,2022-09,0,0,1,0,churned,87.0
608,Company_0608,2023-03,retail,201-500,churned,starter,29,87,4,21.75,29,2023-03,2023-06,0,0,1,0,churned,87.0
656,Company_0656,2022-06,healthcare,51-200,churned,starter,29,87,4,21.75,29,2022-06,2022-09,0,0,1,0,churned,87.0
674,Company_0674,2023-09,manufacturing,501-1000,churned,starter,29,87,4,21.75,29,2023-09,2023-12,0,0,1,0,churned,87.0
680,Company_0680,2024-08,finance,51-200,churned,starter,29,87,4,21.75,29,2024-08,2024-11,0,0,1,0,churned,87.0
686,Company_0686,2023-10,logistics,11-50,churned,starter,29,87,4,21.75,29,2023-10,2024-01,0,0,1,0,churned,87.0
749,Company_0749,2024-09,retail,11-50,churned,starter,29,87,4,21.75,29,2024-09,2024-12,0,0,1,0,churned,87.0
22,Company_0022,2022-07,retail,501-1000,churned,professional,79,79,2,39.5,79,2022-07,2022-08,0,0,1,0,churned,79.0
75,Company_0075,2024-03,real estate,201-500,churned,professional,79,79,2,39.5,79,2024-03,2024-04,0,0,1,0,churned,79.0
86,Company_0086,2023-02,consulting,201-500,churned,professional,79,79,2,39.5,79,2023-02,2023-03,0,0,1,0,churned,79.0
171,Company_0171,2024-02,retail,51-200,churned,professional,79,79,2,39.5,79,2024-02,2024-03,0,0,1,0,churned,79.0
227,Company_0227,2024-11,real estate,51-200,churned,professional,79,79,2,39.5,79,2024-11,2024-12,0,0,1,0,churned,79.0
269,Company_0269,2023-03,retail,11-50,churned,professional,79,79,2,39.5,79,2023-03,2023-04,0,0,1,0,churned,79.0
323,Company_0323,2024-02,real estate,11-50,churned,professional,79,79,2,39.5,79,2024-02,2024-03,0,0,1,0,churned,79.0
401,Company_0401,2022-05,manufacturing,201-500,churned,professional,79,79,2,39.5,79,2022-05,2022-06,0,0,1,0,churned,79.0
408,Company_0408,2022-01,manufacturing,1-10,churned,professional,79,79,2,39.5,79,2022-01,2022-02,0,0,1,0,churned,79.0
415,Company_0415,2024-01,healthcare,11-50,churned,professional,79,79,2,39.5,79,2024-01,2024-02,0,0,1,0,churned,79.0
451,Company_0451,2024-05,consulting,201-500,churned,professional,79,79,2,39.5,79,2024-05,2024-06,0,0,1,0,churned,79.0
480,Company_0480,2023-09,technology,11-50,churned,professional,79,79,2,39.5,79,2023-09,2023-10,0,0,1,0,churned,79.0
601,Company_0601,2022-08,healthcare,51-200,churned,professional,79,79,2,39.5,79,2022-08,2022-09,0,0,1,0,churned,79.0
602,Company_0602,2023-01,healthcare,1000+,churned,professional,79,79,2,39.5,79,2023-01,2023-02,0,0,1,0,churned,79.0
661,Company_0661,2023-03,technology,11-50,churned,professional,79,79,2,39.5,79,2023-03,2023-04,0,0,1,0,churned,79.0
703,Company_0703,2023-02,real estate,1000+,churned,professional,79,79,2,39.5,79,2023-02,2023-03,0,0,1,0,churned,79.0
34,Company_0034,2024-10,media,501-1000,churned,starter,29,58,3,19.333333333333332,29,2024-10,2024-12,0,0,1,0,churned,58.0
102,Company_0102,2024-01,logistics,1-10,churned,starter,29,58,3,19.333333333333332,29,2024-01,2024-03,0,0,1,0,churned,58.0
118,Company_0118,2022-08,education,1-10,churned,starter,29,58,3,19.333333333333332,29,2022-08,2022-10,0,0,1,0,churned,58.0
123,Company_0123,2023-02,technology,1-10,churned,starter,29,58,3,19.333333333333332,29,2023-02,2023-04,0,0,1,0,churned,58.0
190,Company_0190,2022-11,media,201-500,churned,starter,29,58,4,14.5,29,2022-11,2023-02,0,0,2,1,churned,58.0
289,Company_0289,2023-01,retail,51-200,churned,starter,29,58,3,19.333333333333332,29,2023-01,2023-03,0,0,1,0,churned,58.0
452,Company_0452,2023-10,logistics,51-200,churned,starter,29,58,3,19.333333333333332,29,2023-10,2023-12,0,0,1,0,churned,58.0
559,Company_0559,2024-05,healthcare,51-200,churned,starter,29,58,3,19.333333333333332,29,2024-05,2024-07,0,0,1,0,churned,58.0
717,Company_0717,2024-07,finance,1000+,churned,starter,29,58,3,19.333333333333332,29,2024-07,2024-09,0,0,1,0,churned,58.0
772,Company_0772,2024-08,logistics,11-50,churned,starter,29,58,3,19.333333333333332,29,2024-08,2024-10,0,0,1,0,churned,58.0
141,Company_0141,2024-11,retail,11-50,churned,starter,29,29,2,14.5,29,2024-11,2024-12,0,0,1,0,churned,29.0
156,Company_0156,2022-11,retail,11-50,churned,starter,29,29,2,14.5,29,2022-11,2022-12,0,0,1,0,churned,29.0
158,Company_0158,2024-05,consulting,51-200,churned,starter,29,29,2,14.5,29,2024-05,2024-06,0,0,1,0,churned,29.0
252,Company_0252,2023-04,education,501-1000,churned,starter,29,29,2,14.5,29,2023-04,2023-05,0,0,1,0,churned,29.0
467,Company_0467,2023-01,media,501-1000,churned,starter,29,29,2,14.5,29,2023-01,2023-02,0,0,1,0,churned,29.0
471,Company_0471,2022-01,real estate,11-50,churned,starter,29,29,2,14.5,29,2022-01,2022-02,0,0,1,0,churned,29.0
494,Company_0494,2022-09,logistics,51-200,churned,starter,29,29,2,14.5,29,2022-09,2022-10,0,0,1,0,churned,29.0
526,Company_0526,2023-08,real estate,11-50,churned,starter,29,29,2,14.5,29,2023-08,2023-09,0,0,1,0,churned,29.0
538,Company_0538,2022-11,consulting,51-200,churned,starter,29,29,2,14.5,29,2022-11,2022-12,0,0,1,0,churned,29.0
612,Company_0612,2024-06,finance,201-500,churned,starter,29,29,2,14.5,29,2024-06,2024-07,0,0,1,0,churned,29.0
626,Company_0626,2023-04,real estate,11-50,churned,starter,29,29,2,14.5,29,2023-04,2023-05,0,0,1,0,churned,29.0
627,Company_0627,2023-07,consulting,11-50,churned,starter,29,29,2,14.5,29,2023-07,2023-08,0,0,1,0,churned,29.0
682,Company_0682,2022-12,logistics,11-50,churned,starter,29,29,2,14.5,29,2022-12,2023-01,0,0,1,0,churned,29.0
757,Company_0757,2024-01,finance,11-50,churned,starter,29,29,2,14.5,29,2024-01,2024-02,0,0,1,0,churned,29.0
765,Company_0765,2022-02,technology,1-10,churned,starter,29,29,2,14.5,29,2022-02,2022-03,0,0,1,0,churned,29.0
